--
-- PostgreSQL database dump
--

-- Dumped from database version 17.4
-- Dumped by pg_dump version 17.4

SET statement_timeout = 0;
SET lock_timeout = 0;
SET idle_in_transaction_session_timeout = 0;
SET transaction_timeout = 0;
SET client_encoding = 'UTF8';
SET standard_conforming_strings = on;
SELECT pg_catalog.set_config('search_path', '', false);
SET check_function_bodies = false;
SET xmloption = content;
SET client_min_messages = warning;
SET row_security = off;

--
-- Name: update_incident_shifts(); Type: FUNCTION; Schema: public; Owner: postgres
--

CREATE FUNCTION public.update_incident_shifts() RETURNS void
    LANGUAGE plpgsql
    AS $$
BEGIN
  UPDATE incidents i
  SET shift_id = s.shift_id
  FROM shifts s
  JOIN stationshifts ss ON s.station_shift_id = ss.station_shift_id
  WHERE i.station_id = ss.station_id
    AND DATE(i.call_time) = s.shift_date;
END;
$$;


ALTER FUNCTION public.update_incident_shifts() OWNER TO postgres;

SET default_tablespace = '';

SET default_table_access_method = heap;

--
-- Name: firefighters; Type: TABLE; Schema: public; Owner: postgres
--

CREATE TABLE public.firefighters (
    firefighter_id integer NOT NULL,
    first_name character varying(50) NOT NULL,
    last_name character varying(50) NOT NULL,
    rank character varying(50),
    shift character varying(5),
    station_assignment integer,
    status character varying(20),
    hire_date date,
    unit_id integer,
    CONSTRAINT firefighters_shift_check CHECK (((shift)::text = ANY (ARRAY[('A'::character varying)::text, ('B'::character varying)::text, ('C'::character varying)::text, ('Admin'::character varying)::text]))),
    CONSTRAINT firefighters_status_check CHECK (((status)::text = ANY (ARRAY[('Active'::character varying)::text, ('Retired'::character varying)::text, ('Medical Leave'::character varying)::text])))
);


ALTER TABLE public.firefighters OWNER TO postgres;

--
-- Name: firefighters_firefighter_id_seq; Type: SEQUENCE; Schema: public; Owner: postgres
--

CREATE SEQUENCE public.firefighters_firefighter_id_seq
    AS integer
    START WITH 1
    INCREMENT BY 1
    NO MINVALUE
    NO MAXVALUE
    CACHE 1;


ALTER SEQUENCE public.firefighters_firefighter_id_seq OWNER TO postgres;

--
-- Name: firefighters_firefighter_id_seq; Type: SEQUENCE OWNED BY; Schema: public; Owner: postgres
--

ALTER SEQUENCE public.firefighters_firefighter_id_seq OWNED BY public.firefighters.firefighter_id;


--
-- Name: firefightershifts; Type: TABLE; Schema: public; Owner: postgres
--

CREATE TABLE public.firefightershifts (
    firefighter_id integer NOT NULL,
    station_shift_id integer NOT NULL,
    start_time timestamp without time zone NOT NULL,
    end_time timestamp without time zone
);


ALTER TABLE public.firefightershifts OWNER TO postgres;

--
-- Name: incidents; Type: TABLE; Schema: public; Owner: postgres
--

CREATE TABLE public.incidents (
    incident_id integer NOT NULL,
    incident_type character varying(50),
    station_id integer,
    dspch_notes text,
    duration_hours numeric(5,2),
    call_time timestamp without time zone,
    shift_id integer,
    enrt_time timestamp without time zone,
    arrival_time timestamp without time zone,
    completed_time timestamp without time zone,
    actions_taken text,
    response_time numeric,
    CONSTRAINT incidents_duration_hours_check CHECK ((duration_hours > (0)::numeric)),
    CONSTRAINT incidents_incident_type_check CHECK (((incident_type)::text = ANY (ARRAY[('Fire'::character varying)::text, ('Rescue'::character varying)::text, ('Medical'::character varying)::text, ('HazMat'::character varying)::text, ('Alarm'::character varying)::text, ('Other'::character varying)::text, ('Aircraft'::character varying)::text])))
);


ALTER TABLE public.incidents OWNER TO postgres;

--
-- Name: incidents_incident_id_seq; Type: SEQUENCE; Schema: public; Owner: postgres
--

CREATE SEQUENCE public.incidents_incident_id_seq
    AS integer
    START WITH 1
    INCREMENT BY 1
    NO MINVALUE
    NO MAXVALUE
    CACHE 1;


ALTER SEQUENCE public.incidents_incident_id_seq OWNER TO postgres;

--
-- Name: incidents_incident_id_seq; Type: SEQUENCE OWNED BY; Schema: public; Owner: postgres
--

ALTER SEQUENCE public.incidents_incident_id_seq OWNED BY public.incidents.incident_id;


--
-- Name: incidentunits; Type: TABLE; Schema: public; Owner: postgres
--

CREATE TABLE public.incidentunits (
    incident_id integer NOT NULL,
    unit_id integer NOT NULL
);


ALTER TABLE public.incidentunits OWNER TO postgres;

--
-- Name: shifts; Type: TABLE; Schema: public; Owner: postgres
--

CREATE TABLE public.shifts (
    shift_id integer NOT NULL,
    station_shift_id integer,
    shift_date date,
    hours integer
);


ALTER TABLE public.shifts OWNER TO postgres;

--
-- Name: shifts_shift_id_seq; Type: SEQUENCE; Schema: public; Owner: postgres
--

CREATE SEQUENCE public.shifts_shift_id_seq
    AS integer
    START WITH 1
    INCREMENT BY 1
    NO MINVALUE
    NO MAXVALUE
    CACHE 1;


ALTER SEQUENCE public.shifts_shift_id_seq OWNER TO postgres;

--
-- Name: shifts_shift_id_seq; Type: SEQUENCE OWNED BY; Schema: public; Owner: postgres
--

ALTER SEQUENCE public.shifts_shift_id_seq OWNED BY public.shifts.shift_id;


--
-- Name: stations; Type: TABLE; Schema: public; Owner: postgres
--

CREATE TABLE public.stations (
    station_id integer NOT NULL,
    name character varying(100) NOT NULL,
    location character varying(250)
);


ALTER TABLE public.stations OWNER TO postgres;

--
-- Name: stationshifts; Type: TABLE; Schema: public; Owner: postgres
--

CREATE TABLE public.stationshifts (
    station_shift_id integer NOT NULL,
    station_id integer,
    shift_name character varying(10)
);


ALTER TABLE public.stationshifts OWNER TO postgres;

--
-- Name: stationshifts_station_shift_id_seq; Type: SEQUENCE; Schema: public; Owner: postgres
--

CREATE SEQUENCE public.stationshifts_station_shift_id_seq
    AS integer
    START WITH 1
    INCREMENT BY 1
    NO MINVALUE
    NO MAXVALUE
    CACHE 1;


ALTER SEQUENCE public.stationshifts_station_shift_id_seq OWNER TO postgres;

--
-- Name: stationshifts_station_shift_id_seq; Type: SEQUENCE OWNED BY; Schema: public; Owner: postgres
--

ALTER SEQUENCE public.stationshifts_station_shift_id_seq OWNED BY public.stationshifts.station_shift_id;


--
-- Name: units; Type: TABLE; Schema: public; Owner: postgres
--

CREATE TABLE public.units (
    unit_id integer NOT NULL,
    unit_name character varying(50) NOT NULL,
    type character varying(25),
    station_id integer,
    CONSTRAINT units_type_check CHECK (((type)::text = ANY (ARRAY[('Engine'::character varying)::text, ('Truck'::character varying)::text, ('Rescue'::character varying)::text, ('Boat'::character varying)::text, ('Brush'::character varying)::text, ('ATV'::character varying)::text, ('Haz-Mat'::character varying)::text, ('Dive'::character varying)::text, ('Command'::character varying)::text, ('Aircraft'::character varying)::text])))
);


ALTER TABLE public.units OWNER TO postgres;

--
-- Name: firefighters firefighter_id; Type: DEFAULT; Schema: public; Owner: postgres
--

ALTER TABLE ONLY public.firefighters ALTER COLUMN firefighter_id SET DEFAULT nextval('public.firefighters_firefighter_id_seq'::regclass);


--
-- Name: incidents incident_id; Type: DEFAULT; Schema: public; Owner: postgres
--

ALTER TABLE ONLY public.incidents ALTER COLUMN incident_id SET DEFAULT nextval('public.incidents_incident_id_seq'::regclass);


--
-- Name: shifts shift_id; Type: DEFAULT; Schema: public; Owner: postgres
--

ALTER TABLE ONLY public.shifts ALTER COLUMN shift_id SET DEFAULT nextval('public.shifts_shift_id_seq'::regclass);


--
-- Name: stationshifts station_shift_id; Type: DEFAULT; Schema: public; Owner: postgres
--

ALTER TABLE ONLY public.stationshifts ALTER COLUMN station_shift_id SET DEFAULT nextval('public.stationshifts_station_shift_id_seq'::regclass);


--
-- Data for Name: firefighters; Type: TABLE DATA; Schema: public; Owner: postgres
--

COPY public.firefighters (firefighter_id, first_name, last_name, rank, shift, station_assignment, status, hire_date, unit_id) FROM stdin;
1	Ed	Smith	Cheif	Admin	1	Active	1998-03-24	101
2	Tom	Reed	Asst. Chief	Admin	1	Active	1999-01-22	102
3	Davin	Freemore	Lieutenant	A	3	Active	2000-02-29	3
4	Kenny	Carter	Shift Commander	B	1	Active	2000-03-20	121
5	Jamie	Cruz	Captain	B	6	Active	2000-06-14	10
6	Kevin	Worth	Lieutenant	B	7	Active	2000-09-10	7
7	Keith	Moss	Shift Commander	A	1	Active	2000-11-05	121
8	Bobby	White	Lieutenant	A	4	Active	2001-02-18	4
9	Jared	Story	Captain	A	6	Active	2004-06-21	10
10	Josh	Kindcan	Fire Marshal	Admin	1	Active	2005-02-24	402
11	David	Colbeer	Driver	A	1	Active	2005-06-08	1
12	Josh	Stacey	Captain	C	1	Active	2007-04-11	5
13	Jon	Doore	Captain	C	6	Active	2007-07-22	10
14	Brian	Darter	Driver	B	6	Active	2007-08-25	10
15	Clint	Bendold	Shift Commander	C	1	Active	2007-09-05	121
16	Kenny	Towelert	Lieutenant	C	7	Active	2007-10-10	7
17	Andrew	Maybest	Driver	A	6	Active	2007-10-15	6
18	Richard	Islandfield	Driver	C	3	Active	2007-10-21	3
19	Roberta	Mester	Lieutenant	C	3	Active	2007-10-22	3
20	Clint	Dunbar	Lieutenant	B	3	Active	2008-01-13	3
21	Kevin	McBaind	Lieutenant	B	6	Active	2008-01-16	6
22	Alan	Benson	Lieutenant	C	6	Active	2008-02-14	6
23	Wade	Deiby	Lieutenant	A	1	Active	2008-03-21	1
67	Grant	Munkel	Firefighter	C	1	Active	2022-07-11	1
68	Taylor	McDonald	Firefighter	B	4	Active	2023-04-10	4
69	Abraham	Mierna	Firefighter	A	6	Active	2023-04-10	6
70	Heriberto	Lopez	Proby	C	1	Active	2024-08-20	1
71	Jacob	Cant	Proby	C	6	Active	2024-08-20	6
72	Alex	Marweiny	Proby	A	1	Active	2024-08-20	1
73	Kevin	Goffwin	Proby	A	1	Active	2025-01-20	1
74	Colton	Floss	Proby	B	1	Active	2025-01-20	1
75	Halis	Dukes	Proby	A	6	Active	2025-01-20	6
76	Javis	Millhams	Proby	B	6	Active	2025-01-20	6
24	Alvin	Gomez	Lieutenant	B	4	Active	2011-04-25	4
25	Jeffrey	Smitch	Driver	C	7	Active	2011-07-30	7
26	Blake	Carmen	Captain	A	1	Active	2011-08-11	5
27	Chris	Sholben	Lieutenant	A	6	Active	2012-04-15	6
28	Casey	Lurch	Captain	B	1	Active	2014-08-15	5
29	Ty	Newfy	Driver	B	4	Active	2015-07-01	4
30	Nathan	Whitemead	Lieutenant	A	7	Active	2015-09-12	7
31	Quincy	Lewis	Lieutenant	C	4	Active	2015-10-24	4
32	Tyler	Smoke	Driver	B	3	Active	2015-10-25	3
33	Solomon	Sticks	Lieutenant	C	1	Active	2016-04-04	1
34	Addison	Mund	Fire Marshal	Admin	1	Active	2016-04-05	401
35	John	Premop	Driver	C	6	Active	2017-06-05	10
36	Kevin	Dawn	Lieutenant	B	1	Active	2016-09-10	1
37	Paul	Mulch	Driver	A	4	Active	2018-06-01	4
39	Matt	Estridge	Driver	B	6	Active	2017-06-12	6
40	Cam	Mood	Driver	A	7	Active	2017-09-29	7
41	Mason	Spot	Driver	B	7	Active	2018-06-04	7
42	Tracey	Blay	Training Ofc.	Admin	1	Active	2018-07-04	301
43	Eric	Meyer	Driver	C	4	Active	2018-07-04	4
44	Dylan	Pickles	Driver	A	3	Active	2018-07-07	3
45	Cody	Smoke	Driver	C	1	Active	2018-09-09	1
46	Chase	Rogers	Training Ofc.	Admin	1	Active	2019-06-13	302
47	Drew	Gimman	Driver	B	1	Active	2019-06-13	5
48	Nate	Mall	Driver	C	6	Active	2019-06-13	6
49	Kyle	Mossburg	Driver	C	1	Active	2019-06-13	1
50	Allan	Dose	Driver	A	1	Active	2019-06-13	5
51	Sean	Drawer	Driver	A	1	Active	2020-05-19	5
52	Benjamin	Wolmover	Firefighter	A	4	Active	2020-05-20	4
53	Spencer	Molecky	Firefighter	C	3	Active	2020-05-20	3
54	Ross	Drip	Firefighter	A	3	Active	2020-05-20	3
55	Hunter	Mixton	Driver	B	7	Active	2020-05-22	7
56	Dylan	Trainor	Driver	B	1	Active	2020-06-19	1
57	Brandon	Streed	Firefighter	B	4	Active	2020-06-19	4
58	Taylor	Moose	Firefighter	C	6	Active	2020-06-19	10
59	Barrett	Flowers	Firefighter	A	1	Active	2021-04-24	1
60	Braxton	Cloner	Firefighter	C	7	Active	2021-07-16	7
61	Justin	Spears	Firefighter	C	4	Active	2021-07-16	4
62	Austin	Pudding	Firefighter	B	7	Active	2022-04-27	7
63	Osbel	Angler	Firefighter	C	4	Active	2022-04-28	4
64	Conner	Reed	Firefighter	B	3	Active	2022-06-19	3
65	Jerry	Drost	Firefigher	A	6	Active	2022-06-24	6
66	Jaxon	Mannin	Firefighter	A	6	Active	2022-07-11	6
\.


--
-- Data for Name: firefightershifts; Type: TABLE DATA; Schema: public; Owner: postgres
--

COPY public.firefightershifts (firefighter_id, station_shift_id, start_time, end_time) FROM stdin;
74	2	2025-04-10 07:00:00	2025-04-11 07:00:00
4	2	2025-04-10 07:00:00	2025-04-11 07:00:00
36	2	2025-04-10 07:00:00	2025-04-11 07:00:00
47	2	2025-04-10 07:00:00	2025-04-11 07:00:00
56	2	2025-04-10 07:00:00	2025-04-11 07:00:00
28	2	2025-04-10 07:00:00	2025-04-11 07:00:00
20	5	2025-04-10 07:00:00	2025-04-11 07:00:00
32	5	2025-04-10 07:00:00	2025-04-11 07:00:00
64	5	2025-04-10 07:00:00	2025-04-11 07:00:00
24	8	2025-04-10 07:00:00	2025-04-11 07:00:00
29	8	2025-04-10 07:00:00	2025-04-11 07:00:00
68	8	2025-04-10 07:00:00	2025-04-11 07:00:00
76	11	2025-04-10 07:00:00	2025-04-11 07:00:00
14	11	2025-04-10 07:00:00	2025-04-11 07:00:00
5	11	2025-04-10 07:00:00	2025-04-11 07:00:00
21	11	2025-04-10 07:00:00	2025-04-11 07:00:00
39	11	2025-04-10 07:00:00	2025-04-11 07:00:00
55	14	2025-04-10 07:00:00	2025-04-11 07:00:00
41	14	2025-04-10 07:00:00	2025-04-11 07:00:00
6	14	2025-04-10 07:00:00	2025-04-11 07:00:00
15	3	2025-04-11 07:00:00	2025-04-12 07:00:00
12	3	2025-04-11 07:00:00	2025-04-12 07:00:00
49	3	2025-04-11 07:00:00	2025-04-12 07:00:00
70	3	2025-04-11 07:00:00	2025-04-12 07:00:00
45	3	2025-04-11 07:00:00	2025-04-12 07:00:00
33	3	2025-04-11 07:00:00	2025-04-12 07:00:00
67	3	2025-04-11 07:00:00	2025-04-12 07:00:00
19	6	2025-04-11 07:00:00	2025-04-12 07:00:00
18	6	2025-04-11 07:00:00	2025-04-12 07:00:00
53	6	2025-04-11 07:00:00	2025-04-12 07:00:00
31	9	2025-04-11 07:00:00	2025-04-12 07:00:00
61	9	2025-04-11 07:00:00	2025-04-12 07:00:00
43	9	2025-04-11 07:00:00	2025-04-12 07:00:00
13	12	2025-04-11 07:00:00	2025-04-12 07:00:00
35	12	2025-04-11 07:00:00	2025-04-12 07:00:00
71	12	2025-04-11 07:00:00	2025-04-12 07:00:00
22	12	2025-04-11 07:00:00	2025-04-12 07:00:00
48	12	2025-04-11 07:00:00	2025-04-12 07:00:00
58	12	2025-04-11 07:00:00	2025-04-12 07:00:00
16	15	2025-04-11 07:00:00	2025-04-12 07:00:00
25	15	2025-04-11 07:00:00	2025-04-12 07:00:00
60	15	2025-04-11 07:00:00	2025-04-12 07:00:00
51	1	2025-04-12 07:00:00	2025-04-13 07:00:00
26	1	2025-04-12 07:00:00	2025-04-13 07:00:00
23	1	2025-04-12 07:00:00	2025-04-13 07:00:00
50	1	2025-04-12 07:00:00	2025-04-13 07:00:00
72	1	2025-04-12 07:00:00	2025-04-13 07:00:00
11	1	2025-04-12 07:00:00	2025-04-13 07:00:00
59	1	2025-04-12 07:00:00	2025-04-13 07:00:00
7	1	2025-04-12 07:00:00	2025-04-13 07:00:00
73	1	2025-04-12 07:00:00	2025-04-13 07:00:00
3	4	2025-04-12 07:00:00	2025-04-13 07:00:00
44	4	2025-04-12 07:00:00	2025-04-13 07:00:00
54	4	2025-04-12 07:00:00	2025-04-13 07:00:00
37	7	2025-04-12 07:00:00	2025-04-13 07:00:00
8	7	2025-04-12 07:00:00	2025-04-13 07:00:00
52	7	2025-04-12 07:00:00	2025-04-13 07:00:00
9	10	2025-04-12 07:00:00	2025-04-13 07:00:00
75	10	2025-04-12 07:00:00	2025-04-13 07:00:00
27	10	2025-04-12 07:00:00	2025-04-13 07:00:00
17	10	2025-04-12 07:00:00	2025-04-13 07:00:00
65	10	2025-04-12 07:00:00	2025-04-13 07:00:00
66	10	2025-04-12 07:00:00	2025-04-13 07:00:00
69	10	2025-04-12 07:00:00	2025-04-13 07:00:00
30	13	2025-04-12 07:00:00	2025-04-13 07:00:00
40	13	2025-04-12 07:00:00	2025-04-13 07:00:00
62	13	2025-04-12 07:00:00	2025-04-13 07:00:00
74	2	2025-04-13 07:00:00	2025-04-14 07:00:00
4	2	2025-04-13 07:00:00	2025-04-14 07:00:00
36	2	2025-04-13 07:00:00	2025-04-14 07:00:00
47	2	2025-04-13 07:00:00	2025-04-14 07:00:00
56	2	2025-04-13 07:00:00	2025-04-14 07:00:00
28	2	2025-04-13 07:00:00	2025-04-14 07:00:00
20	5	2025-04-13 07:00:00	2025-04-14 07:00:00
32	5	2025-04-13 07:00:00	2025-04-14 07:00:00
64	5	2025-04-13 07:00:00	2025-04-14 07:00:00
24	8	2025-04-13 07:00:00	2025-04-14 07:00:00
29	8	2025-04-13 07:00:00	2025-04-14 07:00:00
68	8	2025-04-13 07:00:00	2025-04-14 07:00:00
76	11	2025-04-13 07:00:00	2025-04-14 07:00:00
14	11	2025-04-13 07:00:00	2025-04-14 07:00:00
5	11	2025-04-13 07:00:00	2025-04-14 07:00:00
21	11	2025-04-13 07:00:00	2025-04-14 07:00:00
39	11	2025-04-13 07:00:00	2025-04-14 07:00:00
55	14	2025-04-13 07:00:00	2025-04-14 07:00:00
41	14	2025-04-13 07:00:00	2025-04-14 07:00:00
6	14	2025-04-13 07:00:00	2025-04-14 07:00:00
15	3	2025-04-14 07:00:00	2025-04-15 07:00:00
12	3	2025-04-14 07:00:00	2025-04-15 07:00:00
49	3	2025-04-14 07:00:00	2025-04-15 07:00:00
70	3	2025-04-14 07:00:00	2025-04-15 07:00:00
45	3	2025-04-14 07:00:00	2025-04-15 07:00:00
33	3	2025-04-14 07:00:00	2025-04-15 07:00:00
67	3	2025-04-14 07:00:00	2025-04-15 07:00:00
19	6	2025-04-14 07:00:00	2025-04-15 07:00:00
18	6	2025-04-14 07:00:00	2025-04-15 07:00:00
53	6	2025-04-14 07:00:00	2025-04-15 07:00:00
31	9	2025-04-14 07:00:00	2025-04-15 07:00:00
61	9	2025-04-14 07:00:00	2025-04-15 07:00:00
43	9	2025-04-14 07:00:00	2025-04-15 07:00:00
13	12	2025-04-14 07:00:00	2025-04-15 07:00:00
35	12	2025-04-14 07:00:00	2025-04-15 07:00:00
71	12	2025-04-14 07:00:00	2025-04-15 07:00:00
22	12	2025-04-14 07:00:00	2025-04-15 07:00:00
48	12	2025-04-14 07:00:00	2025-04-15 07:00:00
58	12	2025-04-14 07:00:00	2025-04-15 07:00:00
16	15	2025-04-14 07:00:00	2025-04-15 07:00:00
25	15	2025-04-14 07:00:00	2025-04-15 07:00:00
60	15	2025-04-14 07:00:00	2025-04-15 07:00:00
51	1	2025-04-15 07:00:00	2025-04-16 07:00:00
26	1	2025-04-15 07:00:00	2025-04-16 07:00:00
23	1	2025-04-15 07:00:00	2025-04-16 07:00:00
50	1	2025-04-15 07:00:00	2025-04-16 07:00:00
72	1	2025-04-15 07:00:00	2025-04-16 07:00:00
11	1	2025-04-15 07:00:00	2025-04-16 07:00:00
59	1	2025-04-15 07:00:00	2025-04-16 07:00:00
7	1	2025-04-15 07:00:00	2025-04-16 07:00:00
73	1	2025-04-15 07:00:00	2025-04-16 07:00:00
3	4	2025-04-15 07:00:00	2025-04-16 07:00:00
44	4	2025-04-15 07:00:00	2025-04-16 07:00:00
54	4	2025-04-15 07:00:00	2025-04-16 07:00:00
37	7	2025-04-15 07:00:00	2025-04-16 07:00:00
8	7	2025-04-15 07:00:00	2025-04-16 07:00:00
52	7	2025-04-15 07:00:00	2025-04-16 07:00:00
9	10	2025-04-15 07:00:00	2025-04-16 07:00:00
75	10	2025-04-15 07:00:00	2025-04-16 07:00:00
27	10	2025-04-15 07:00:00	2025-04-16 07:00:00
17	10	2025-04-15 07:00:00	2025-04-16 07:00:00
65	10	2025-04-15 07:00:00	2025-04-16 07:00:00
66	10	2025-04-15 07:00:00	2025-04-16 07:00:00
69	10	2025-04-15 07:00:00	2025-04-16 07:00:00
30	13	2025-04-15 07:00:00	2025-04-16 07:00:00
40	13	2025-04-15 07:00:00	2025-04-16 07:00:00
62	13	2025-04-15 07:00:00	2025-04-16 07:00:00
74	2	2025-04-16 07:00:00	2025-04-17 07:00:00
4	2	2025-04-16 07:00:00	2025-04-17 07:00:00
36	2	2025-04-16 07:00:00	2025-04-17 07:00:00
47	2	2025-04-16 07:00:00	2025-04-17 07:00:00
56	2	2025-04-16 07:00:00	2025-04-17 07:00:00
28	2	2025-04-16 07:00:00	2025-04-17 07:00:00
20	5	2025-04-16 07:00:00	2025-04-17 07:00:00
32	5	2025-04-16 07:00:00	2025-04-17 07:00:00
64	5	2025-04-16 07:00:00	2025-04-17 07:00:00
24	8	2025-04-16 07:00:00	2025-04-17 07:00:00
29	8	2025-04-16 07:00:00	2025-04-17 07:00:00
68	8	2025-04-16 07:00:00	2025-04-17 07:00:00
76	11	2025-04-16 07:00:00	2025-04-17 07:00:00
14	11	2025-04-16 07:00:00	2025-04-17 07:00:00
5	11	2025-04-16 07:00:00	2025-04-17 07:00:00
21	11	2025-04-16 07:00:00	2025-04-17 07:00:00
39	11	2025-04-16 07:00:00	2025-04-17 07:00:00
55	14	2025-04-16 07:00:00	2025-04-17 07:00:00
41	14	2025-04-16 07:00:00	2025-04-17 07:00:00
6	14	2025-04-16 07:00:00	2025-04-17 07:00:00
15	3	2025-04-17 07:00:00	2025-04-18 07:00:00
12	3	2025-04-17 07:00:00	2025-04-18 07:00:00
49	3	2025-04-17 07:00:00	2025-04-18 07:00:00
70	3	2025-04-17 07:00:00	2025-04-18 07:00:00
45	3	2025-04-17 07:00:00	2025-04-18 07:00:00
33	3	2025-04-17 07:00:00	2025-04-18 07:00:00
67	3	2025-04-17 07:00:00	2025-04-18 07:00:00
19	6	2025-04-17 07:00:00	2025-04-18 07:00:00
18	6	2025-04-17 07:00:00	2025-04-18 07:00:00
53	6	2025-04-17 07:00:00	2025-04-18 07:00:00
31	9	2025-04-17 07:00:00	2025-04-18 07:00:00
61	9	2025-04-17 07:00:00	2025-04-18 07:00:00
43	9	2025-04-17 07:00:00	2025-04-18 07:00:00
13	12	2025-04-17 07:00:00	2025-04-18 07:00:00
35	12	2025-04-17 07:00:00	2025-04-18 07:00:00
71	12	2025-04-17 07:00:00	2025-04-18 07:00:00
22	12	2025-04-17 07:00:00	2025-04-18 07:00:00
48	12	2025-04-17 07:00:00	2025-04-18 07:00:00
58	12	2025-04-17 07:00:00	2025-04-18 07:00:00
16	15	2025-04-17 07:00:00	2025-04-18 07:00:00
25	15	2025-04-17 07:00:00	2025-04-18 07:00:00
60	15	2025-04-17 07:00:00	2025-04-18 07:00:00
51	1	2025-04-18 07:00:00	2025-04-19 07:00:00
26	1	2025-04-18 07:00:00	2025-04-19 07:00:00
23	1	2025-04-18 07:00:00	2025-04-19 07:00:00
50	1	2025-04-18 07:00:00	2025-04-19 07:00:00
72	1	2025-04-18 07:00:00	2025-04-19 07:00:00
11	1	2025-04-18 07:00:00	2025-04-19 07:00:00
59	1	2025-04-18 07:00:00	2025-04-19 07:00:00
7	1	2025-04-18 07:00:00	2025-04-19 07:00:00
73	1	2025-04-18 07:00:00	2025-04-19 07:00:00
3	4	2025-04-18 07:00:00	2025-04-19 07:00:00
44	4	2025-04-18 07:00:00	2025-04-19 07:00:00
54	4	2025-04-18 07:00:00	2025-04-19 07:00:00
37	7	2025-04-18 07:00:00	2025-04-19 07:00:00
8	7	2025-04-18 07:00:00	2025-04-19 07:00:00
52	7	2025-04-18 07:00:00	2025-04-19 07:00:00
9	10	2025-04-18 07:00:00	2025-04-19 07:00:00
75	10	2025-04-18 07:00:00	2025-04-19 07:00:00
27	10	2025-04-18 07:00:00	2025-04-19 07:00:00
17	10	2025-04-18 07:00:00	2025-04-19 07:00:00
65	10	2025-04-18 07:00:00	2025-04-19 07:00:00
66	10	2025-04-18 07:00:00	2025-04-19 07:00:00
69	10	2025-04-18 07:00:00	2025-04-19 07:00:00
30	13	2025-04-18 07:00:00	2025-04-19 07:00:00
40	13	2025-04-18 07:00:00	2025-04-19 07:00:00
62	13	2025-04-18 07:00:00	2025-04-19 07:00:00
74	2	2025-04-19 07:00:00	2025-04-20 07:00:00
4	2	2025-04-19 07:00:00	2025-04-20 07:00:00
36	2	2025-04-19 07:00:00	2025-04-20 07:00:00
47	2	2025-04-19 07:00:00	2025-04-20 07:00:00
56	2	2025-04-19 07:00:00	2025-04-20 07:00:00
28	2	2025-04-19 07:00:00	2025-04-20 07:00:00
20	5	2025-04-19 07:00:00	2025-04-20 07:00:00
32	5	2025-04-19 07:00:00	2025-04-20 07:00:00
64	5	2025-04-19 07:00:00	2025-04-20 07:00:00
24	8	2025-04-19 07:00:00	2025-04-20 07:00:00
29	8	2025-04-19 07:00:00	2025-04-20 07:00:00
68	8	2025-04-19 07:00:00	2025-04-20 07:00:00
76	11	2025-04-19 07:00:00	2025-04-20 07:00:00
14	11	2025-04-19 07:00:00	2025-04-20 07:00:00
5	11	2025-04-19 07:00:00	2025-04-20 07:00:00
21	11	2025-04-19 07:00:00	2025-04-20 07:00:00
39	11	2025-04-19 07:00:00	2025-04-20 07:00:00
55	14	2025-04-19 07:00:00	2025-04-20 07:00:00
41	14	2025-04-19 07:00:00	2025-04-20 07:00:00
6	14	2025-04-19 07:00:00	2025-04-20 07:00:00
15	3	2025-04-20 07:00:00	2025-04-21 07:00:00
12	3	2025-04-20 07:00:00	2025-04-21 07:00:00
49	3	2025-04-20 07:00:00	2025-04-21 07:00:00
70	3	2025-04-20 07:00:00	2025-04-21 07:00:00
45	3	2025-04-20 07:00:00	2025-04-21 07:00:00
33	3	2025-04-20 07:00:00	2025-04-21 07:00:00
67	3	2025-04-20 07:00:00	2025-04-21 07:00:00
19	6	2025-04-20 07:00:00	2025-04-21 07:00:00
18	6	2025-04-20 07:00:00	2025-04-21 07:00:00
53	6	2025-04-20 07:00:00	2025-04-21 07:00:00
31	9	2025-04-20 07:00:00	2025-04-21 07:00:00
61	9	2025-04-20 07:00:00	2025-04-21 07:00:00
43	9	2025-04-20 07:00:00	2025-04-21 07:00:00
13	12	2025-04-20 07:00:00	2025-04-21 07:00:00
35	12	2025-04-20 07:00:00	2025-04-21 07:00:00
71	12	2025-04-20 07:00:00	2025-04-21 07:00:00
22	12	2025-04-20 07:00:00	2025-04-21 07:00:00
48	12	2025-04-20 07:00:00	2025-04-21 07:00:00
58	12	2025-04-20 07:00:00	2025-04-21 07:00:00
16	15	2025-04-20 07:00:00	2025-04-21 07:00:00
25	15	2025-04-20 07:00:00	2025-04-21 07:00:00
60	15	2025-04-20 07:00:00	2025-04-21 07:00:00
51	1	2025-04-21 07:00:00	2025-04-22 07:00:00
26	1	2025-04-21 07:00:00	2025-04-22 07:00:00
23	1	2025-04-21 07:00:00	2025-04-22 07:00:00
50	1	2025-04-21 07:00:00	2025-04-22 07:00:00
72	1	2025-04-21 07:00:00	2025-04-22 07:00:00
11	1	2025-04-21 07:00:00	2025-04-22 07:00:00
59	1	2025-04-21 07:00:00	2025-04-22 07:00:00
7	1	2025-04-21 07:00:00	2025-04-22 07:00:00
73	1	2025-04-21 07:00:00	2025-04-22 07:00:00
3	4	2025-04-21 07:00:00	2025-04-22 07:00:00
44	4	2025-04-21 07:00:00	2025-04-22 07:00:00
54	4	2025-04-21 07:00:00	2025-04-22 07:00:00
37	7	2025-04-21 07:00:00	2025-04-22 07:00:00
8	7	2025-04-21 07:00:00	2025-04-22 07:00:00
52	7	2025-04-21 07:00:00	2025-04-22 07:00:00
9	10	2025-04-21 07:00:00	2025-04-22 07:00:00
75	10	2025-04-21 07:00:00	2025-04-22 07:00:00
27	10	2025-04-21 07:00:00	2025-04-22 07:00:00
17	10	2025-04-21 07:00:00	2025-04-22 07:00:00
65	10	2025-04-21 07:00:00	2025-04-22 07:00:00
66	10	2025-04-21 07:00:00	2025-04-22 07:00:00
69	10	2025-04-21 07:00:00	2025-04-22 07:00:00
30	13	2025-04-21 07:00:00	2025-04-22 07:00:00
40	13	2025-04-21 07:00:00	2025-04-22 07:00:00
62	13	2025-04-21 07:00:00	2025-04-22 07:00:00
74	2	2025-04-22 07:00:00	2025-04-23 07:00:00
4	2	2025-04-22 07:00:00	2025-04-23 07:00:00
36	2	2025-04-22 07:00:00	2025-04-23 07:00:00
47	2	2025-04-22 07:00:00	2025-04-23 07:00:00
56	2	2025-04-22 07:00:00	2025-04-23 07:00:00
28	2	2025-04-22 07:00:00	2025-04-23 07:00:00
20	5	2025-04-22 07:00:00	2025-04-23 07:00:00
32	5	2025-04-22 07:00:00	2025-04-23 07:00:00
64	5	2025-04-22 07:00:00	2025-04-23 07:00:00
24	8	2025-04-22 07:00:00	2025-04-23 07:00:00
29	8	2025-04-22 07:00:00	2025-04-23 07:00:00
68	8	2025-04-22 07:00:00	2025-04-23 07:00:00
76	11	2025-04-22 07:00:00	2025-04-23 07:00:00
14	11	2025-04-22 07:00:00	2025-04-23 07:00:00
5	11	2025-04-22 07:00:00	2025-04-23 07:00:00
21	11	2025-04-22 07:00:00	2025-04-23 07:00:00
39	11	2025-04-22 07:00:00	2025-04-23 07:00:00
55	14	2025-04-22 07:00:00	2025-04-23 07:00:00
41	14	2025-04-22 07:00:00	2025-04-23 07:00:00
6	14	2025-04-22 07:00:00	2025-04-23 07:00:00
15	3	2025-04-23 07:00:00	2025-04-24 07:00:00
12	3	2025-04-23 07:00:00	2025-04-24 07:00:00
49	3	2025-04-23 07:00:00	2025-04-24 07:00:00
70	3	2025-04-23 07:00:00	2025-04-24 07:00:00
45	3	2025-04-23 07:00:00	2025-04-24 07:00:00
33	3	2025-04-23 07:00:00	2025-04-24 07:00:00
67	3	2025-04-23 07:00:00	2025-04-24 07:00:00
19	6	2025-04-23 07:00:00	2025-04-24 07:00:00
18	6	2025-04-23 07:00:00	2025-04-24 07:00:00
53	6	2025-04-23 07:00:00	2025-04-24 07:00:00
31	9	2025-04-23 07:00:00	2025-04-24 07:00:00
61	9	2025-04-23 07:00:00	2025-04-24 07:00:00
43	9	2025-04-23 07:00:00	2025-04-24 07:00:00
13	12	2025-04-23 07:00:00	2025-04-24 07:00:00
35	12	2025-04-23 07:00:00	2025-04-24 07:00:00
71	12	2025-04-23 07:00:00	2025-04-24 07:00:00
22	12	2025-04-23 07:00:00	2025-04-24 07:00:00
48	12	2025-04-23 07:00:00	2025-04-24 07:00:00
58	12	2025-04-23 07:00:00	2025-04-24 07:00:00
16	15	2025-04-23 07:00:00	2025-04-24 07:00:00
25	15	2025-04-23 07:00:00	2025-04-24 07:00:00
60	15	2025-04-23 07:00:00	2025-04-24 07:00:00
51	1	2025-04-24 07:00:00	2025-04-25 07:00:00
26	1	2025-04-24 07:00:00	2025-04-25 07:00:00
23	1	2025-04-24 07:00:00	2025-04-25 07:00:00
50	1	2025-04-24 07:00:00	2025-04-25 07:00:00
72	1	2025-04-24 07:00:00	2025-04-25 07:00:00
11	1	2025-04-24 07:00:00	2025-04-25 07:00:00
59	1	2025-04-24 07:00:00	2025-04-25 07:00:00
7	1	2025-04-24 07:00:00	2025-04-25 07:00:00
73	1	2025-04-24 07:00:00	2025-04-25 07:00:00
3	4	2025-04-24 07:00:00	2025-04-25 07:00:00
44	4	2025-04-24 07:00:00	2025-04-25 07:00:00
54	4	2025-04-24 07:00:00	2025-04-25 07:00:00
37	7	2025-04-24 07:00:00	2025-04-25 07:00:00
8	7	2025-04-24 07:00:00	2025-04-25 07:00:00
52	7	2025-04-24 07:00:00	2025-04-25 07:00:00
9	10	2025-04-24 07:00:00	2025-04-25 07:00:00
75	10	2025-04-24 07:00:00	2025-04-25 07:00:00
27	10	2025-04-24 07:00:00	2025-04-25 07:00:00
17	10	2025-04-24 07:00:00	2025-04-25 07:00:00
65	10	2025-04-24 07:00:00	2025-04-25 07:00:00
66	10	2025-04-24 07:00:00	2025-04-25 07:00:00
69	10	2025-04-24 07:00:00	2025-04-25 07:00:00
30	13	2025-04-24 07:00:00	2025-04-25 07:00:00
40	13	2025-04-24 07:00:00	2025-04-25 07:00:00
62	13	2025-04-24 07:00:00	2025-04-25 07:00:00
74	2	2025-04-25 07:00:00	2025-04-26 07:00:00
4	2	2025-04-25 07:00:00	2025-04-26 07:00:00
36	2	2025-04-25 07:00:00	2025-04-26 07:00:00
47	2	2025-04-25 07:00:00	2025-04-26 07:00:00
56	2	2025-04-25 07:00:00	2025-04-26 07:00:00
28	2	2025-04-25 07:00:00	2025-04-26 07:00:00
20	5	2025-04-25 07:00:00	2025-04-26 07:00:00
32	5	2025-04-25 07:00:00	2025-04-26 07:00:00
64	5	2025-04-25 07:00:00	2025-04-26 07:00:00
24	8	2025-04-25 07:00:00	2025-04-26 07:00:00
29	8	2025-04-25 07:00:00	2025-04-26 07:00:00
68	8	2025-04-25 07:00:00	2025-04-26 07:00:00
76	11	2025-04-25 07:00:00	2025-04-26 07:00:00
14	11	2025-04-25 07:00:00	2025-04-26 07:00:00
5	11	2025-04-25 07:00:00	2025-04-26 07:00:00
21	11	2025-04-25 07:00:00	2025-04-26 07:00:00
39	11	2025-04-25 07:00:00	2025-04-26 07:00:00
55	14	2025-04-25 07:00:00	2025-04-26 07:00:00
41	14	2025-04-25 07:00:00	2025-04-26 07:00:00
6	14	2025-04-25 07:00:00	2025-04-26 07:00:00
15	3	2025-04-26 07:00:00	2025-04-27 07:00:00
12	3	2025-04-26 07:00:00	2025-04-27 07:00:00
49	3	2025-04-26 07:00:00	2025-04-27 07:00:00
70	3	2025-04-26 07:00:00	2025-04-27 07:00:00
45	3	2025-04-26 07:00:00	2025-04-27 07:00:00
33	3	2025-04-26 07:00:00	2025-04-27 07:00:00
67	3	2025-04-26 07:00:00	2025-04-27 07:00:00
19	6	2025-04-26 07:00:00	2025-04-27 07:00:00
18	6	2025-04-26 07:00:00	2025-04-27 07:00:00
53	6	2025-04-26 07:00:00	2025-04-27 07:00:00
31	9	2025-04-26 07:00:00	2025-04-27 07:00:00
61	9	2025-04-26 07:00:00	2025-04-27 07:00:00
43	9	2025-04-26 07:00:00	2025-04-27 07:00:00
13	12	2025-04-26 07:00:00	2025-04-27 07:00:00
35	12	2025-04-26 07:00:00	2025-04-27 07:00:00
71	12	2025-04-26 07:00:00	2025-04-27 07:00:00
22	12	2025-04-26 07:00:00	2025-04-27 07:00:00
48	12	2025-04-26 07:00:00	2025-04-27 07:00:00
58	12	2025-04-26 07:00:00	2025-04-27 07:00:00
16	15	2025-04-26 07:00:00	2025-04-27 07:00:00
25	15	2025-04-26 07:00:00	2025-04-27 07:00:00
60	15	2025-04-26 07:00:00	2025-04-27 07:00:00
51	1	2025-04-27 07:00:00	2025-04-28 07:00:00
26	1	2025-04-27 07:00:00	2025-04-28 07:00:00
23	1	2025-04-27 07:00:00	2025-04-28 07:00:00
50	1	2025-04-27 07:00:00	2025-04-28 07:00:00
72	1	2025-04-27 07:00:00	2025-04-28 07:00:00
11	1	2025-04-27 07:00:00	2025-04-28 07:00:00
59	1	2025-04-27 07:00:00	2025-04-28 07:00:00
7	1	2025-04-27 07:00:00	2025-04-28 07:00:00
73	1	2025-04-27 07:00:00	2025-04-28 07:00:00
3	4	2025-04-27 07:00:00	2025-04-28 07:00:00
44	4	2025-04-27 07:00:00	2025-04-28 07:00:00
54	4	2025-04-27 07:00:00	2025-04-28 07:00:00
37	7	2025-04-27 07:00:00	2025-04-28 07:00:00
8	7	2025-04-27 07:00:00	2025-04-28 07:00:00
52	7	2025-04-27 07:00:00	2025-04-28 07:00:00
9	10	2025-04-27 07:00:00	2025-04-28 07:00:00
75	10	2025-04-27 07:00:00	2025-04-28 07:00:00
27	10	2025-04-27 07:00:00	2025-04-28 07:00:00
17	10	2025-04-27 07:00:00	2025-04-28 07:00:00
65	10	2025-04-27 07:00:00	2025-04-28 07:00:00
66	10	2025-04-27 07:00:00	2025-04-28 07:00:00
69	10	2025-04-27 07:00:00	2025-04-28 07:00:00
30	13	2025-04-27 07:00:00	2025-04-28 07:00:00
40	13	2025-04-27 07:00:00	2025-04-28 07:00:00
62	13	2025-04-27 07:00:00	2025-04-28 07:00:00
74	2	2025-04-28 07:00:00	2025-04-29 07:00:00
4	2	2025-04-28 07:00:00	2025-04-29 07:00:00
36	2	2025-04-28 07:00:00	2025-04-29 07:00:00
47	2	2025-04-28 07:00:00	2025-04-29 07:00:00
56	2	2025-04-28 07:00:00	2025-04-29 07:00:00
28	2	2025-04-28 07:00:00	2025-04-29 07:00:00
20	5	2025-04-28 07:00:00	2025-04-29 07:00:00
32	5	2025-04-28 07:00:00	2025-04-29 07:00:00
64	5	2025-04-28 07:00:00	2025-04-29 07:00:00
24	8	2025-04-28 07:00:00	2025-04-29 07:00:00
29	8	2025-04-28 07:00:00	2025-04-29 07:00:00
68	8	2025-04-28 07:00:00	2025-04-29 07:00:00
76	11	2025-04-28 07:00:00	2025-04-29 07:00:00
14	11	2025-04-28 07:00:00	2025-04-29 07:00:00
5	11	2025-04-28 07:00:00	2025-04-29 07:00:00
21	11	2025-04-28 07:00:00	2025-04-29 07:00:00
39	11	2025-04-28 07:00:00	2025-04-29 07:00:00
55	14	2025-04-28 07:00:00	2025-04-29 07:00:00
41	14	2025-04-28 07:00:00	2025-04-29 07:00:00
6	14	2025-04-28 07:00:00	2025-04-29 07:00:00
15	3	2025-04-29 07:00:00	2025-04-30 07:00:00
12	3	2025-04-29 07:00:00	2025-04-30 07:00:00
49	3	2025-04-29 07:00:00	2025-04-30 07:00:00
70	3	2025-04-29 07:00:00	2025-04-30 07:00:00
45	3	2025-04-29 07:00:00	2025-04-30 07:00:00
33	3	2025-04-29 07:00:00	2025-04-30 07:00:00
67	3	2025-04-29 07:00:00	2025-04-30 07:00:00
19	6	2025-04-29 07:00:00	2025-04-30 07:00:00
18	6	2025-04-29 07:00:00	2025-04-30 07:00:00
53	6	2025-04-29 07:00:00	2025-04-30 07:00:00
31	9	2025-04-29 07:00:00	2025-04-30 07:00:00
61	9	2025-04-29 07:00:00	2025-04-30 07:00:00
43	9	2025-04-29 07:00:00	2025-04-30 07:00:00
13	12	2025-04-29 07:00:00	2025-04-30 07:00:00
35	12	2025-04-29 07:00:00	2025-04-30 07:00:00
71	12	2025-04-29 07:00:00	2025-04-30 07:00:00
22	12	2025-04-29 07:00:00	2025-04-30 07:00:00
48	12	2025-04-29 07:00:00	2025-04-30 07:00:00
58	12	2025-04-29 07:00:00	2025-04-30 07:00:00
16	15	2025-04-29 07:00:00	2025-04-30 07:00:00
25	15	2025-04-29 07:00:00	2025-04-30 07:00:00
60	15	2025-04-29 07:00:00	2025-04-30 07:00:00
51	1	2025-04-30 07:00:00	2025-05-01 07:00:00
26	1	2025-04-30 07:00:00	2025-05-01 07:00:00
23	1	2025-04-30 07:00:00	2025-05-01 07:00:00
50	1	2025-04-30 07:00:00	2025-05-01 07:00:00
72	1	2025-04-30 07:00:00	2025-05-01 07:00:00
11	1	2025-04-30 07:00:00	2025-05-01 07:00:00
59	1	2025-04-30 07:00:00	2025-05-01 07:00:00
7	1	2025-04-30 07:00:00	2025-05-01 07:00:00
73	1	2025-04-30 07:00:00	2025-05-01 07:00:00
3	4	2025-04-30 07:00:00	2025-05-01 07:00:00
44	4	2025-04-30 07:00:00	2025-05-01 07:00:00
54	4	2025-04-30 07:00:00	2025-05-01 07:00:00
37	7	2025-04-30 07:00:00	2025-05-01 07:00:00
8	7	2025-04-30 07:00:00	2025-05-01 07:00:00
52	7	2025-04-30 07:00:00	2025-05-01 07:00:00
9	10	2025-04-30 07:00:00	2025-05-01 07:00:00
75	10	2025-04-30 07:00:00	2025-05-01 07:00:00
27	10	2025-04-30 07:00:00	2025-05-01 07:00:00
17	10	2025-04-30 07:00:00	2025-05-01 07:00:00
65	10	2025-04-30 07:00:00	2025-05-01 07:00:00
66	10	2025-04-30 07:00:00	2025-05-01 07:00:00
69	10	2025-04-30 07:00:00	2025-05-01 07:00:00
30	13	2025-04-30 07:00:00	2025-05-01 07:00:00
40	13	2025-04-30 07:00:00	2025-05-01 07:00:00
62	13	2025-04-30 07:00:00	2025-05-01 07:00:00
74	2	2025-05-01 07:00:00	2025-05-02 07:00:00
4	2	2025-05-01 07:00:00	2025-05-02 07:00:00
36	2	2025-05-01 07:00:00	2025-05-02 07:00:00
47	2	2025-05-01 07:00:00	2025-05-02 07:00:00
56	2	2025-05-01 07:00:00	2025-05-02 07:00:00
28	2	2025-05-01 07:00:00	2025-05-02 07:00:00
20	5	2025-05-01 07:00:00	2025-05-02 07:00:00
32	5	2025-05-01 07:00:00	2025-05-02 07:00:00
64	5	2025-05-01 07:00:00	2025-05-02 07:00:00
24	8	2025-05-01 07:00:00	2025-05-02 07:00:00
29	8	2025-05-01 07:00:00	2025-05-02 07:00:00
68	8	2025-05-01 07:00:00	2025-05-02 07:00:00
76	11	2025-05-01 07:00:00	2025-05-02 07:00:00
14	11	2025-05-01 07:00:00	2025-05-02 07:00:00
5	11	2025-05-01 07:00:00	2025-05-02 07:00:00
21	11	2025-05-01 07:00:00	2025-05-02 07:00:00
39	11	2025-05-01 07:00:00	2025-05-02 07:00:00
55	14	2025-05-01 07:00:00	2025-05-02 07:00:00
41	14	2025-05-01 07:00:00	2025-05-02 07:00:00
6	14	2025-05-01 07:00:00	2025-05-02 07:00:00
15	3	2025-05-02 07:00:00	2025-05-03 07:00:00
12	3	2025-05-02 07:00:00	2025-05-03 07:00:00
49	3	2025-05-02 07:00:00	2025-05-03 07:00:00
70	3	2025-05-02 07:00:00	2025-05-03 07:00:00
45	3	2025-05-02 07:00:00	2025-05-03 07:00:00
33	3	2025-05-02 07:00:00	2025-05-03 07:00:00
67	3	2025-05-02 07:00:00	2025-05-03 07:00:00
19	6	2025-05-02 07:00:00	2025-05-03 07:00:00
18	6	2025-05-02 07:00:00	2025-05-03 07:00:00
53	6	2025-05-02 07:00:00	2025-05-03 07:00:00
31	9	2025-05-02 07:00:00	2025-05-03 07:00:00
61	9	2025-05-02 07:00:00	2025-05-03 07:00:00
43	9	2025-05-02 07:00:00	2025-05-03 07:00:00
13	12	2025-05-02 07:00:00	2025-05-03 07:00:00
35	12	2025-05-02 07:00:00	2025-05-03 07:00:00
71	12	2025-05-02 07:00:00	2025-05-03 07:00:00
22	12	2025-05-02 07:00:00	2025-05-03 07:00:00
48	12	2025-05-02 07:00:00	2025-05-03 07:00:00
58	12	2025-05-02 07:00:00	2025-05-03 07:00:00
16	15	2025-05-02 07:00:00	2025-05-03 07:00:00
25	15	2025-05-02 07:00:00	2025-05-03 07:00:00
60	15	2025-05-02 07:00:00	2025-05-03 07:00:00
51	1	2025-05-03 07:00:00	2025-05-04 07:00:00
26	1	2025-05-03 07:00:00	2025-05-04 07:00:00
23	1	2025-05-03 07:00:00	2025-05-04 07:00:00
50	1	2025-05-03 07:00:00	2025-05-04 07:00:00
72	1	2025-05-03 07:00:00	2025-05-04 07:00:00
11	1	2025-05-03 07:00:00	2025-05-04 07:00:00
59	1	2025-05-03 07:00:00	2025-05-04 07:00:00
7	1	2025-05-03 07:00:00	2025-05-04 07:00:00
73	1	2025-05-03 07:00:00	2025-05-04 07:00:00
3	4	2025-05-03 07:00:00	2025-05-04 07:00:00
44	4	2025-05-03 07:00:00	2025-05-04 07:00:00
54	4	2025-05-03 07:00:00	2025-05-04 07:00:00
37	7	2025-05-03 07:00:00	2025-05-04 07:00:00
8	7	2025-05-03 07:00:00	2025-05-04 07:00:00
52	7	2025-05-03 07:00:00	2025-05-04 07:00:00
9	10	2025-05-03 07:00:00	2025-05-04 07:00:00
75	10	2025-05-03 07:00:00	2025-05-04 07:00:00
27	10	2025-05-03 07:00:00	2025-05-04 07:00:00
17	10	2025-05-03 07:00:00	2025-05-04 07:00:00
65	10	2025-05-03 07:00:00	2025-05-04 07:00:00
66	10	2025-05-03 07:00:00	2025-05-04 07:00:00
69	10	2025-05-03 07:00:00	2025-05-04 07:00:00
30	13	2025-05-03 07:00:00	2025-05-04 07:00:00
40	13	2025-05-03 07:00:00	2025-05-04 07:00:00
62	13	2025-05-03 07:00:00	2025-05-04 07:00:00
74	2	2025-05-04 07:00:00	2025-05-05 07:00:00
4	2	2025-05-04 07:00:00	2025-05-05 07:00:00
36	2	2025-05-04 07:00:00	2025-05-05 07:00:00
47	2	2025-05-04 07:00:00	2025-05-05 07:00:00
56	2	2025-05-04 07:00:00	2025-05-05 07:00:00
28	2	2025-05-04 07:00:00	2025-05-05 07:00:00
20	5	2025-05-04 07:00:00	2025-05-05 07:00:00
32	5	2025-05-04 07:00:00	2025-05-05 07:00:00
64	5	2025-05-04 07:00:00	2025-05-05 07:00:00
24	8	2025-05-04 07:00:00	2025-05-05 07:00:00
29	8	2025-05-04 07:00:00	2025-05-05 07:00:00
68	8	2025-05-04 07:00:00	2025-05-05 07:00:00
76	11	2025-05-04 07:00:00	2025-05-05 07:00:00
14	11	2025-05-04 07:00:00	2025-05-05 07:00:00
5	11	2025-05-04 07:00:00	2025-05-05 07:00:00
21	11	2025-05-04 07:00:00	2025-05-05 07:00:00
39	11	2025-05-04 07:00:00	2025-05-05 07:00:00
55	14	2025-05-04 07:00:00	2025-05-05 07:00:00
41	14	2025-05-04 07:00:00	2025-05-05 07:00:00
6	14	2025-05-04 07:00:00	2025-05-05 07:00:00
15	3	2025-05-05 07:00:00	2025-05-06 07:00:00
12	3	2025-05-05 07:00:00	2025-05-06 07:00:00
49	3	2025-05-05 07:00:00	2025-05-06 07:00:00
70	3	2025-05-05 07:00:00	2025-05-06 07:00:00
45	3	2025-05-05 07:00:00	2025-05-06 07:00:00
33	3	2025-05-05 07:00:00	2025-05-06 07:00:00
67	3	2025-05-05 07:00:00	2025-05-06 07:00:00
19	6	2025-05-05 07:00:00	2025-05-06 07:00:00
18	6	2025-05-05 07:00:00	2025-05-06 07:00:00
53	6	2025-05-05 07:00:00	2025-05-06 07:00:00
31	9	2025-05-05 07:00:00	2025-05-06 07:00:00
61	9	2025-05-05 07:00:00	2025-05-06 07:00:00
43	9	2025-05-05 07:00:00	2025-05-06 07:00:00
13	12	2025-05-05 07:00:00	2025-05-06 07:00:00
35	12	2025-05-05 07:00:00	2025-05-06 07:00:00
71	12	2025-05-05 07:00:00	2025-05-06 07:00:00
22	12	2025-05-05 07:00:00	2025-05-06 07:00:00
48	12	2025-05-05 07:00:00	2025-05-06 07:00:00
58	12	2025-05-05 07:00:00	2025-05-06 07:00:00
16	15	2025-05-05 07:00:00	2025-05-06 07:00:00
25	15	2025-05-05 07:00:00	2025-05-06 07:00:00
60	15	2025-05-05 07:00:00	2025-05-06 07:00:00
51	1	2025-05-06 07:00:00	2025-05-07 07:00:00
26	1	2025-05-06 07:00:00	2025-05-07 07:00:00
23	1	2025-05-06 07:00:00	2025-05-07 07:00:00
50	1	2025-05-06 07:00:00	2025-05-07 07:00:00
72	1	2025-05-06 07:00:00	2025-05-07 07:00:00
11	1	2025-05-06 07:00:00	2025-05-07 07:00:00
59	1	2025-05-06 07:00:00	2025-05-07 07:00:00
7	1	2025-05-06 07:00:00	2025-05-07 07:00:00
73	1	2025-05-06 07:00:00	2025-05-07 07:00:00
3	4	2025-05-06 07:00:00	2025-05-07 07:00:00
44	4	2025-05-06 07:00:00	2025-05-07 07:00:00
54	4	2025-05-06 07:00:00	2025-05-07 07:00:00
37	7	2025-05-06 07:00:00	2025-05-07 07:00:00
8	7	2025-05-06 07:00:00	2025-05-07 07:00:00
52	7	2025-05-06 07:00:00	2025-05-07 07:00:00
9	10	2025-05-06 07:00:00	2025-05-07 07:00:00
75	10	2025-05-06 07:00:00	2025-05-07 07:00:00
27	10	2025-05-06 07:00:00	2025-05-07 07:00:00
17	10	2025-05-06 07:00:00	2025-05-07 07:00:00
65	10	2025-05-06 07:00:00	2025-05-07 07:00:00
66	10	2025-05-06 07:00:00	2025-05-07 07:00:00
69	10	2025-05-06 07:00:00	2025-05-07 07:00:00
30	13	2025-05-06 07:00:00	2025-05-07 07:00:00
40	13	2025-05-06 07:00:00	2025-05-07 07:00:00
62	13	2025-05-06 07:00:00	2025-05-07 07:00:00
74	2	2025-05-07 07:00:00	2025-05-08 07:00:00
4	2	2025-05-07 07:00:00	2025-05-08 07:00:00
36	2	2025-05-07 07:00:00	2025-05-08 07:00:00
47	2	2025-05-07 07:00:00	2025-05-08 07:00:00
56	2	2025-05-07 07:00:00	2025-05-08 07:00:00
28	2	2025-05-07 07:00:00	2025-05-08 07:00:00
20	5	2025-05-07 07:00:00	2025-05-08 07:00:00
32	5	2025-05-07 07:00:00	2025-05-08 07:00:00
64	5	2025-05-07 07:00:00	2025-05-08 07:00:00
24	8	2025-05-07 07:00:00	2025-05-08 07:00:00
29	8	2025-05-07 07:00:00	2025-05-08 07:00:00
68	8	2025-05-07 07:00:00	2025-05-08 07:00:00
76	11	2025-05-07 07:00:00	2025-05-08 07:00:00
14	11	2025-05-07 07:00:00	2025-05-08 07:00:00
5	11	2025-05-07 07:00:00	2025-05-08 07:00:00
21	11	2025-05-07 07:00:00	2025-05-08 07:00:00
39	11	2025-05-07 07:00:00	2025-05-08 07:00:00
55	14	2025-05-07 07:00:00	2025-05-08 07:00:00
41	14	2025-05-07 07:00:00	2025-05-08 07:00:00
6	14	2025-05-07 07:00:00	2025-05-08 07:00:00
15	3	2025-05-08 07:00:00	2025-05-09 07:00:00
12	3	2025-05-08 07:00:00	2025-05-09 07:00:00
49	3	2025-05-08 07:00:00	2025-05-09 07:00:00
70	3	2025-05-08 07:00:00	2025-05-09 07:00:00
45	3	2025-05-08 07:00:00	2025-05-09 07:00:00
33	3	2025-05-08 07:00:00	2025-05-09 07:00:00
67	3	2025-05-08 07:00:00	2025-05-09 07:00:00
19	6	2025-05-08 07:00:00	2025-05-09 07:00:00
18	6	2025-05-08 07:00:00	2025-05-09 07:00:00
53	6	2025-05-08 07:00:00	2025-05-09 07:00:00
31	9	2025-05-08 07:00:00	2025-05-09 07:00:00
61	9	2025-05-08 07:00:00	2025-05-09 07:00:00
43	9	2025-05-08 07:00:00	2025-05-09 07:00:00
13	12	2025-05-08 07:00:00	2025-05-09 07:00:00
35	12	2025-05-08 07:00:00	2025-05-09 07:00:00
71	12	2025-05-08 07:00:00	2025-05-09 07:00:00
22	12	2025-05-08 07:00:00	2025-05-09 07:00:00
48	12	2025-05-08 07:00:00	2025-05-09 07:00:00
58	12	2025-05-08 07:00:00	2025-05-09 07:00:00
16	15	2025-05-08 07:00:00	2025-05-09 07:00:00
25	15	2025-05-08 07:00:00	2025-05-09 07:00:00
60	15	2025-05-08 07:00:00	2025-05-09 07:00:00
51	1	2025-05-09 07:00:00	2025-05-10 07:00:00
26	1	2025-05-09 07:00:00	2025-05-10 07:00:00
23	1	2025-05-09 07:00:00	2025-05-10 07:00:00
50	1	2025-05-09 07:00:00	2025-05-10 07:00:00
72	1	2025-05-09 07:00:00	2025-05-10 07:00:00
11	1	2025-05-09 07:00:00	2025-05-10 07:00:00
59	1	2025-05-09 07:00:00	2025-05-10 07:00:00
7	1	2025-05-09 07:00:00	2025-05-10 07:00:00
73	1	2025-05-09 07:00:00	2025-05-10 07:00:00
3	4	2025-05-09 07:00:00	2025-05-10 07:00:00
44	4	2025-05-09 07:00:00	2025-05-10 07:00:00
54	4	2025-05-09 07:00:00	2025-05-10 07:00:00
37	7	2025-05-09 07:00:00	2025-05-10 07:00:00
8	7	2025-05-09 07:00:00	2025-05-10 07:00:00
52	7	2025-05-09 07:00:00	2025-05-10 07:00:00
9	10	2025-05-09 07:00:00	2025-05-10 07:00:00
75	10	2025-05-09 07:00:00	2025-05-10 07:00:00
27	10	2025-05-09 07:00:00	2025-05-10 07:00:00
17	10	2025-05-09 07:00:00	2025-05-10 07:00:00
65	10	2025-05-09 07:00:00	2025-05-10 07:00:00
66	10	2025-05-09 07:00:00	2025-05-10 07:00:00
69	10	2025-05-09 07:00:00	2025-05-10 07:00:00
30	13	2025-05-09 07:00:00	2025-05-10 07:00:00
40	13	2025-05-09 07:00:00	2025-05-10 07:00:00
62	13	2025-05-09 07:00:00	2025-05-10 07:00:00
74	2	2025-05-10 07:00:00	2025-05-11 07:00:00
4	2	2025-05-10 07:00:00	2025-05-11 07:00:00
36	2	2025-05-10 07:00:00	2025-05-11 07:00:00
47	2	2025-05-10 07:00:00	2025-05-11 07:00:00
56	2	2025-05-10 07:00:00	2025-05-11 07:00:00
28	2	2025-05-10 07:00:00	2025-05-11 07:00:00
20	5	2025-05-10 07:00:00	2025-05-11 07:00:00
32	5	2025-05-10 07:00:00	2025-05-11 07:00:00
64	5	2025-05-10 07:00:00	2025-05-11 07:00:00
24	8	2025-05-10 07:00:00	2025-05-11 07:00:00
29	8	2025-05-10 07:00:00	2025-05-11 07:00:00
68	8	2025-05-10 07:00:00	2025-05-11 07:00:00
76	11	2025-05-10 07:00:00	2025-05-11 07:00:00
14	11	2025-05-10 07:00:00	2025-05-11 07:00:00
5	11	2025-05-10 07:00:00	2025-05-11 07:00:00
21	11	2025-05-10 07:00:00	2025-05-11 07:00:00
39	11	2025-05-10 07:00:00	2025-05-11 07:00:00
55	14	2025-05-10 07:00:00	2025-05-11 07:00:00
41	14	2025-05-10 07:00:00	2025-05-11 07:00:00
6	14	2025-05-10 07:00:00	2025-05-11 07:00:00
15	3	2025-05-11 07:00:00	2025-05-12 07:00:00
12	3	2025-05-11 07:00:00	2025-05-12 07:00:00
49	3	2025-05-11 07:00:00	2025-05-12 07:00:00
70	3	2025-05-11 07:00:00	2025-05-12 07:00:00
45	3	2025-05-11 07:00:00	2025-05-12 07:00:00
33	3	2025-05-11 07:00:00	2025-05-12 07:00:00
67	3	2025-05-11 07:00:00	2025-05-12 07:00:00
19	6	2025-05-11 07:00:00	2025-05-12 07:00:00
18	6	2025-05-11 07:00:00	2025-05-12 07:00:00
53	6	2025-05-11 07:00:00	2025-05-12 07:00:00
31	9	2025-05-11 07:00:00	2025-05-12 07:00:00
61	9	2025-05-11 07:00:00	2025-05-12 07:00:00
43	9	2025-05-11 07:00:00	2025-05-12 07:00:00
13	12	2025-05-11 07:00:00	2025-05-12 07:00:00
35	12	2025-05-11 07:00:00	2025-05-12 07:00:00
71	12	2025-05-11 07:00:00	2025-05-12 07:00:00
22	12	2025-05-11 07:00:00	2025-05-12 07:00:00
48	12	2025-05-11 07:00:00	2025-05-12 07:00:00
58	12	2025-05-11 07:00:00	2025-05-12 07:00:00
16	15	2025-05-11 07:00:00	2025-05-12 07:00:00
25	15	2025-05-11 07:00:00	2025-05-12 07:00:00
60	15	2025-05-11 07:00:00	2025-05-12 07:00:00
51	1	2025-05-12 07:00:00	2025-05-13 07:00:00
26	1	2025-05-12 07:00:00	2025-05-13 07:00:00
23	1	2025-05-12 07:00:00	2025-05-13 07:00:00
50	1	2025-05-12 07:00:00	2025-05-13 07:00:00
72	1	2025-05-12 07:00:00	2025-05-13 07:00:00
11	1	2025-05-12 07:00:00	2025-05-13 07:00:00
59	1	2025-05-12 07:00:00	2025-05-13 07:00:00
7	1	2025-05-12 07:00:00	2025-05-13 07:00:00
73	1	2025-05-12 07:00:00	2025-05-13 07:00:00
3	4	2025-05-12 07:00:00	2025-05-13 07:00:00
44	4	2025-05-12 07:00:00	2025-05-13 07:00:00
54	4	2025-05-12 07:00:00	2025-05-13 07:00:00
37	7	2025-05-12 07:00:00	2025-05-13 07:00:00
8	7	2025-05-12 07:00:00	2025-05-13 07:00:00
52	7	2025-05-12 07:00:00	2025-05-13 07:00:00
9	10	2025-05-12 07:00:00	2025-05-13 07:00:00
75	10	2025-05-12 07:00:00	2025-05-13 07:00:00
27	10	2025-05-12 07:00:00	2025-05-13 07:00:00
17	10	2025-05-12 07:00:00	2025-05-13 07:00:00
65	10	2025-05-12 07:00:00	2025-05-13 07:00:00
66	10	2025-05-12 07:00:00	2025-05-13 07:00:00
69	10	2025-05-12 07:00:00	2025-05-13 07:00:00
30	13	2025-05-12 07:00:00	2025-05-13 07:00:00
40	13	2025-05-12 07:00:00	2025-05-13 07:00:00
62	13	2025-05-12 07:00:00	2025-05-13 07:00:00
74	2	2025-05-13 07:00:00	2025-05-14 07:00:00
4	2	2025-05-13 07:00:00	2025-05-14 07:00:00
36	2	2025-05-13 07:00:00	2025-05-14 07:00:00
47	2	2025-05-13 07:00:00	2025-05-14 07:00:00
56	2	2025-05-13 07:00:00	2025-05-14 07:00:00
28	2	2025-05-13 07:00:00	2025-05-14 07:00:00
20	5	2025-05-13 07:00:00	2025-05-14 07:00:00
32	5	2025-05-13 07:00:00	2025-05-14 07:00:00
64	5	2025-05-13 07:00:00	2025-05-14 07:00:00
24	8	2025-05-13 07:00:00	2025-05-14 07:00:00
29	8	2025-05-13 07:00:00	2025-05-14 07:00:00
68	8	2025-05-13 07:00:00	2025-05-14 07:00:00
76	11	2025-05-13 07:00:00	2025-05-14 07:00:00
14	11	2025-05-13 07:00:00	2025-05-14 07:00:00
5	11	2025-05-13 07:00:00	2025-05-14 07:00:00
21	11	2025-05-13 07:00:00	2025-05-14 07:00:00
39	11	2025-05-13 07:00:00	2025-05-14 07:00:00
55	14	2025-05-13 07:00:00	2025-05-14 07:00:00
41	14	2025-05-13 07:00:00	2025-05-14 07:00:00
6	14	2025-05-13 07:00:00	2025-05-14 07:00:00
15	3	2025-05-14 07:00:00	2025-05-15 07:00:00
12	3	2025-05-14 07:00:00	2025-05-15 07:00:00
49	3	2025-05-14 07:00:00	2025-05-15 07:00:00
70	3	2025-05-14 07:00:00	2025-05-15 07:00:00
45	3	2025-05-14 07:00:00	2025-05-15 07:00:00
33	3	2025-05-14 07:00:00	2025-05-15 07:00:00
67	3	2025-05-14 07:00:00	2025-05-15 07:00:00
19	6	2025-05-14 07:00:00	2025-05-15 07:00:00
18	6	2025-05-14 07:00:00	2025-05-15 07:00:00
53	6	2025-05-14 07:00:00	2025-05-15 07:00:00
31	9	2025-05-14 07:00:00	2025-05-15 07:00:00
61	9	2025-05-14 07:00:00	2025-05-15 07:00:00
43	9	2025-05-14 07:00:00	2025-05-15 07:00:00
13	12	2025-05-14 07:00:00	2025-05-15 07:00:00
35	12	2025-05-14 07:00:00	2025-05-15 07:00:00
71	12	2025-05-14 07:00:00	2025-05-15 07:00:00
22	12	2025-05-14 07:00:00	2025-05-15 07:00:00
48	12	2025-05-14 07:00:00	2025-05-15 07:00:00
58	12	2025-05-14 07:00:00	2025-05-15 07:00:00
16	15	2025-05-14 07:00:00	2025-05-15 07:00:00
25	15	2025-05-14 07:00:00	2025-05-15 07:00:00
60	15	2025-05-14 07:00:00	2025-05-15 07:00:00
51	1	2025-05-15 07:00:00	2025-05-16 07:00:00
26	1	2025-05-15 07:00:00	2025-05-16 07:00:00
23	1	2025-05-15 07:00:00	2025-05-16 07:00:00
50	1	2025-05-15 07:00:00	2025-05-16 07:00:00
72	1	2025-05-15 07:00:00	2025-05-16 07:00:00
11	1	2025-05-15 07:00:00	2025-05-16 07:00:00
59	1	2025-05-15 07:00:00	2025-05-16 07:00:00
7	1	2025-05-15 07:00:00	2025-05-16 07:00:00
73	1	2025-05-15 07:00:00	2025-05-16 07:00:00
3	4	2025-05-15 07:00:00	2025-05-16 07:00:00
44	4	2025-05-15 07:00:00	2025-05-16 07:00:00
54	4	2025-05-15 07:00:00	2025-05-16 07:00:00
37	7	2025-05-15 07:00:00	2025-05-16 07:00:00
8	7	2025-05-15 07:00:00	2025-05-16 07:00:00
52	7	2025-05-15 07:00:00	2025-05-16 07:00:00
9	10	2025-05-15 07:00:00	2025-05-16 07:00:00
75	10	2025-05-15 07:00:00	2025-05-16 07:00:00
27	10	2025-05-15 07:00:00	2025-05-16 07:00:00
17	10	2025-05-15 07:00:00	2025-05-16 07:00:00
65	10	2025-05-15 07:00:00	2025-05-16 07:00:00
66	10	2025-05-15 07:00:00	2025-05-16 07:00:00
69	10	2025-05-15 07:00:00	2025-05-16 07:00:00
30	13	2025-05-15 07:00:00	2025-05-16 07:00:00
40	13	2025-05-15 07:00:00	2025-05-16 07:00:00
62	13	2025-05-15 07:00:00	2025-05-16 07:00:00
74	2	2025-05-16 07:00:00	2025-05-14 07:00:00
4	2	2025-05-16 07:00:00	2025-05-17 07:00:00
36	2	2025-05-16 07:00:00	2025-05-17 07:00:00
47	2	2025-05-16 07:00:00	2025-05-17 07:00:00
56	2	2025-05-16 07:00:00	2025-05-17 07:00:00
28	2	2025-05-16 07:00:00	2025-05-17 07:00:00
20	5	2025-05-16 07:00:00	2025-05-17 07:00:00
32	5	2025-05-16 07:00:00	2025-05-17 07:00:00
64	5	2025-05-16 07:00:00	2025-05-17 07:00:00
24	8	2025-05-16 07:00:00	2025-05-17 07:00:00
29	8	2025-05-16 07:00:00	2025-05-17 07:00:00
68	8	2025-05-16 07:00:00	2025-05-17 07:00:00
76	11	2025-05-16 07:00:00	2025-05-17 07:00:00
14	11	2025-05-16 07:00:00	2025-05-17 07:00:00
5	11	2025-05-16 07:00:00	2025-05-17 07:00:00
21	11	2025-05-16 07:00:00	2025-05-17 07:00:00
39	11	2025-05-16 07:00:00	2025-05-17 07:00:00
55	14	2025-05-16 07:00:00	2025-05-17 07:00:00
41	14	2025-05-16 07:00:00	2025-05-17 07:00:00
6	14	2025-05-16 07:00:00	2025-05-17 07:00:00
15	3	2025-05-17 07:00:00	2025-05-18 07:00:00
12	3	2025-05-17 07:00:00	2025-05-18 07:00:00
49	3	2025-05-17 07:00:00	2025-05-18 07:00:00
70	3	2025-05-17 07:00:00	2025-05-18 07:00:00
45	3	2025-05-17 07:00:00	2025-05-18 07:00:00
33	3	2025-05-17 07:00:00	2025-05-18 07:00:00
67	3	2025-05-17 07:00:00	2025-05-18 07:00:00
19	6	2025-05-17 07:00:00	2025-05-18 07:00:00
18	6	2025-05-17 07:00:00	2025-05-18 07:00:00
53	6	2025-05-17 07:00:00	2025-05-18 07:00:00
31	9	2025-05-17 07:00:00	2025-05-18 07:00:00
61	9	2025-05-17 07:00:00	2025-05-18 07:00:00
43	9	2025-05-17 07:00:00	2025-05-18 07:00:00
13	12	2025-05-17 07:00:00	2025-05-18 07:00:00
35	12	2025-05-17 07:00:00	2025-05-18 07:00:00
71	12	2025-05-17 07:00:00	2025-05-18 07:00:00
22	12	2025-05-17 07:00:00	2025-05-18 07:00:00
48	12	2025-05-17 07:00:00	2025-05-18 07:00:00
58	12	2025-05-17 07:00:00	2025-05-18 07:00:00
16	15	2025-05-17 07:00:00	2025-05-18 07:00:00
25	15	2025-05-17 07:00:00	2025-05-18 07:00:00
60	15	2025-05-17 07:00:00	2025-05-18 07:00:00
51	1	2025-05-18 07:00:00	2025-05-19 07:00:00
26	1	2025-05-18 07:00:00	2025-05-19 07:00:00
23	1	2025-05-18 07:00:00	2025-05-19 07:00:00
50	1	2025-05-18 07:00:00	2025-05-19 07:00:00
72	1	2025-05-18 07:00:00	2025-05-19 07:00:00
11	1	2025-05-18 07:00:00	2025-05-19 07:00:00
59	1	2025-05-18 07:00:00	2025-05-19 07:00:00
7	1	2025-05-18 07:00:00	2025-05-19 07:00:00
73	1	2025-05-18 07:00:00	2025-05-19 07:00:00
3	4	2025-05-18 07:00:00	2025-05-19 07:00:00
44	4	2025-05-18 07:00:00	2025-05-19 07:00:00
54	4	2025-05-18 07:00:00	2025-05-19 07:00:00
37	7	2025-05-18 07:00:00	2025-05-19 07:00:00
8	7	2025-05-18 07:00:00	2025-05-19 07:00:00
52	7	2025-05-18 07:00:00	2025-05-19 07:00:00
9	10	2025-05-18 07:00:00	2025-05-19 07:00:00
75	10	2025-05-18 07:00:00	2025-05-19 07:00:00
27	10	2025-05-18 07:00:00	2025-05-19 07:00:00
17	10	2025-05-18 07:00:00	2025-05-19 07:00:00
65	10	2025-05-18 07:00:00	2025-05-19 07:00:00
66	10	2025-05-18 07:00:00	2025-05-19 07:00:00
69	10	2025-05-18 07:00:00	2025-05-19 07:00:00
30	13	2025-05-18 07:00:00	2025-05-19 07:00:00
40	13	2025-05-18 07:00:00	2025-05-19 07:00:00
62	13	2025-05-18 07:00:00	2025-05-19 07:00:00
74	2	2025-05-19 07:00:00	2025-05-20 07:00:00
4	2	2025-05-19 07:00:00	2025-05-20 07:00:00
36	2	2025-05-19 07:00:00	2025-05-20 07:00:00
47	2	2025-05-19 07:00:00	2025-05-20 07:00:00
56	2	2025-05-19 07:00:00	2025-05-20 07:00:00
28	2	2025-05-19 07:00:00	2025-05-20 07:00:00
20	5	2025-05-19 07:00:00	2025-05-20 07:00:00
32	5	2025-05-19 07:00:00	2025-05-20 07:00:00
64	5	2025-05-19 07:00:00	2025-05-20 07:00:00
24	8	2025-05-19 07:00:00	2025-05-20 07:00:00
29	8	2025-05-19 07:00:00	2025-05-20 07:00:00
68	8	2025-05-19 07:00:00	2025-05-20 07:00:00
76	11	2025-05-19 07:00:00	2025-05-20 07:00:00
14	11	2025-05-19 07:00:00	2025-05-20 07:00:00
5	11	2025-05-19 07:00:00	2025-05-20 07:00:00
21	11	2025-05-19 07:00:00	2025-05-20 07:00:00
39	11	2025-05-19 07:00:00	2025-05-20 07:00:00
55	14	2025-05-19 07:00:00	2025-05-20 07:00:00
41	14	2025-05-19 07:00:00	2025-05-20 07:00:00
6	14	2025-05-19 07:00:00	2025-05-20 07:00:00
15	3	2025-05-20 07:00:00	2025-05-21 07:00:00
12	3	2025-05-20 07:00:00	2025-05-21 07:00:00
49	3	2025-05-20 07:00:00	2025-05-21 07:00:00
70	3	2025-05-20 07:00:00	2025-05-21 07:00:00
45	3	2025-05-20 07:00:00	2025-05-21 07:00:00
33	3	2025-05-20 07:00:00	2025-05-21 07:00:00
67	3	2025-05-20 07:00:00	2025-05-21 07:00:00
19	6	2025-05-20 07:00:00	2025-05-21 07:00:00
18	6	2025-05-20 07:00:00	2025-05-21 07:00:00
53	6	2025-05-20 07:00:00	2025-05-21 07:00:00
31	9	2025-05-20 07:00:00	2025-05-21 07:00:00
61	9	2025-05-20 07:00:00	2025-05-21 07:00:00
43	9	2025-05-20 07:00:00	2025-05-21 07:00:00
13	12	2025-05-20 07:00:00	2025-05-21 07:00:00
35	12	2025-05-20 07:00:00	2025-05-21 07:00:00
71	12	2025-05-20 07:00:00	2025-05-21 07:00:00
22	12	2025-05-20 07:00:00	2025-05-21 07:00:00
48	12	2025-05-20 07:00:00	2025-05-21 07:00:00
58	12	2025-05-20 07:00:00	2025-05-21 07:00:00
16	15	2025-05-20 07:00:00	2025-05-21 07:00:00
25	15	2025-05-20 07:00:00	2025-05-21 07:00:00
60	15	2025-05-20 07:00:00	2025-05-21 07:00:00
51	1	2025-05-21 07:00:00	2025-05-22 07:00:00
26	1	2025-05-21 07:00:00	2025-05-22 07:00:00
23	1	2025-05-21 07:00:00	2025-05-22 07:00:00
50	1	2025-05-21 07:00:00	2025-05-22 07:00:00
72	1	2025-05-21 07:00:00	2025-05-22 07:00:00
11	1	2025-05-21 07:00:00	2025-05-22 07:00:00
59	1	2025-05-21 07:00:00	2025-05-22 07:00:00
7	1	2025-05-21 07:00:00	2025-05-22 07:00:00
73	1	2025-05-21 07:00:00	2025-05-22 07:00:00
3	4	2025-05-21 07:00:00	2025-05-22 07:00:00
44	4	2025-05-21 07:00:00	2025-05-22 07:00:00
54	4	2025-05-21 07:00:00	2025-05-22 07:00:00
37	7	2025-05-21 07:00:00	2025-05-22 07:00:00
8	7	2025-05-21 07:00:00	2025-05-22 07:00:00
52	7	2025-05-21 07:00:00	2025-05-22 07:00:00
9	10	2025-05-21 07:00:00	2025-05-22 07:00:00
75	10	2025-05-21 07:00:00	2025-05-22 07:00:00
27	10	2025-05-21 07:00:00	2025-05-22 07:00:00
17	10	2025-05-21 07:00:00	2025-05-22 07:00:00
65	10	2025-05-21 07:00:00	2025-05-22 07:00:00
66	10	2025-05-21 07:00:00	2025-05-22 07:00:00
69	10	2025-05-21 07:00:00	2025-05-22 07:00:00
30	13	2025-05-21 07:00:00	2025-05-22 07:00:00
40	13	2025-05-21 07:00:00	2025-05-22 07:00:00
62	13	2025-05-21 07:00:00	2025-05-22 07:00:00
74	2	2025-05-22 07:00:00	2025-05-23 07:00:00
4	2	2025-05-22 07:00:00	2025-05-23 07:00:00
36	2	2025-05-22 07:00:00	2025-05-23 07:00:00
47	2	2025-05-22 07:00:00	2025-05-23 07:00:00
56	2	2025-05-22 07:00:00	2025-05-23 07:00:00
28	2	2025-05-22 07:00:00	2025-05-23 07:00:00
20	5	2025-05-22 07:00:00	2025-05-23 07:00:00
32	5	2025-05-22 07:00:00	2025-05-23 07:00:00
64	5	2025-05-22 07:00:00	2025-05-23 07:00:00
24	8	2025-05-22 07:00:00	2025-05-23 07:00:00
29	8	2025-05-22 07:00:00	2025-05-23 07:00:00
68	8	2025-05-22 07:00:00	2025-05-23 07:00:00
76	11	2025-05-22 07:00:00	2025-05-23 07:00:00
14	11	2025-05-22 07:00:00	2025-05-23 07:00:00
5	11	2025-05-22 07:00:00	2025-05-23 07:00:00
21	11	2025-05-22 07:00:00	2025-05-23 07:00:00
39	11	2025-05-22 07:00:00	2025-05-23 07:00:00
55	14	2025-05-22 07:00:00	2025-05-23 07:00:00
41	14	2025-05-22 07:00:00	2025-05-23 07:00:00
6	14	2025-05-22 07:00:00	2025-05-23 07:00:00
15	3	2025-05-23 07:00:00	2025-05-24 07:00:00
12	3	2025-05-23 07:00:00	2025-05-24 07:00:00
49	3	2025-05-23 07:00:00	2025-05-24 07:00:00
70	3	2025-05-23 07:00:00	2025-05-24 07:00:00
45	3	2025-05-23 07:00:00	2025-05-24 07:00:00
33	3	2025-05-23 07:00:00	2025-05-24 07:00:00
67	3	2025-05-23 07:00:00	2025-05-24 07:00:00
19	6	2025-05-23 07:00:00	2025-05-24 07:00:00
18	6	2025-05-23 07:00:00	2025-05-24 07:00:00
53	6	2025-05-23 07:00:00	2025-05-24 07:00:00
31	9	2025-05-23 07:00:00	2025-05-24 07:00:00
61	9	2025-05-23 07:00:00	2025-05-24 07:00:00
43	9	2025-05-23 07:00:00	2025-05-24 07:00:00
13	12	2025-05-23 07:00:00	2025-05-24 07:00:00
35	12	2025-05-23 07:00:00	2025-05-24 07:00:00
71	12	2025-05-23 07:00:00	2025-05-24 07:00:00
22	12	2025-05-23 07:00:00	2025-05-24 07:00:00
48	12	2025-05-23 07:00:00	2025-05-24 07:00:00
58	12	2025-05-23 07:00:00	2025-05-24 07:00:00
16	15	2025-05-23 07:00:00	2025-05-24 07:00:00
25	15	2025-05-23 07:00:00	2025-05-24 07:00:00
60	15	2025-05-23 07:00:00	2025-05-24 07:00:00
51	1	2025-05-24 07:00:00	2025-05-25 07:00:00
26	1	2025-05-24 07:00:00	2025-05-25 07:00:00
23	1	2025-05-24 07:00:00	2025-05-25 07:00:00
50	1	2025-05-24 07:00:00	2025-05-25 07:00:00
72	1	2025-05-24 07:00:00	2025-05-25 07:00:00
11	1	2025-05-24 07:00:00	2025-05-25 07:00:00
59	1	2025-05-24 07:00:00	2025-05-25 07:00:00
7	1	2025-05-24 07:00:00	2025-05-25 07:00:00
73	1	2025-05-24 07:00:00	2025-05-25 07:00:00
3	4	2025-05-24 07:00:00	2025-05-25 07:00:00
44	4	2025-05-24 07:00:00	2025-05-25 07:00:00
54	4	2025-05-24 07:00:00	2025-05-25 07:00:00
37	7	2025-05-24 07:00:00	2025-05-25 07:00:00
8	7	2025-05-24 07:00:00	2025-05-25 07:00:00
52	7	2025-05-24 07:00:00	2025-05-25 07:00:00
9	10	2025-05-24 07:00:00	2025-05-25 07:00:00
75	10	2025-05-24 07:00:00	2025-05-25 07:00:00
27	10	2025-05-24 07:00:00	2025-05-25 07:00:00
17	10	2025-05-24 07:00:00	2025-05-25 07:00:00
65	10	2025-05-24 07:00:00	2025-05-25 07:00:00
66	10	2025-05-24 07:00:00	2025-05-25 07:00:00
69	10	2025-05-24 07:00:00	2025-05-25 07:00:00
30	13	2025-05-24 07:00:00	2025-05-25 07:00:00
40	13	2025-05-24 07:00:00	2025-05-25 07:00:00
62	13	2025-05-24 07:00:00	2025-05-25 07:00:00
74	2	2025-05-25 07:00:00	2025-05-26 07:00:00
4	2	2025-05-25 07:00:00	2025-05-26 07:00:00
36	2	2025-05-25 07:00:00	2025-05-26 07:00:00
47	2	2025-05-25 07:00:00	2025-05-26 07:00:00
56	2	2025-05-25 07:00:00	2025-05-26 07:00:00
28	2	2025-05-25 07:00:00	2025-05-26 07:00:00
20	5	2025-05-25 07:00:00	2025-05-26 07:00:00
32	5	2025-05-25 07:00:00	2025-05-26 07:00:00
64	5	2025-05-25 07:00:00	2025-05-26 07:00:00
24	8	2025-05-25 07:00:00	2025-05-26 07:00:00
29	8	2025-05-25 07:00:00	2025-05-26 07:00:00
68	8	2025-05-25 07:00:00	2025-05-26 07:00:00
76	11	2025-05-25 07:00:00	2025-05-26 07:00:00
14	11	2025-05-25 07:00:00	2025-05-26 07:00:00
5	11	2025-05-25 07:00:00	2025-05-26 07:00:00
21	11	2025-05-25 07:00:00	2025-05-26 07:00:00
39	11	2025-05-25 07:00:00	2025-05-26 07:00:00
55	14	2025-05-25 07:00:00	2025-05-26 07:00:00
41	14	2025-05-25 07:00:00	2025-05-26 07:00:00
6	14	2025-05-25 07:00:00	2025-05-26 07:00:00
15	3	2025-05-26 07:00:00	2025-05-27 07:00:00
12	3	2025-05-26 07:00:00	2025-05-27 07:00:00
49	3	2025-05-26 07:00:00	2025-05-27 07:00:00
70	3	2025-05-26 07:00:00	2025-05-27 07:00:00
45	3	2025-05-26 07:00:00	2025-05-27 07:00:00
33	3	2025-05-26 07:00:00	2025-05-27 07:00:00
67	3	2025-05-26 07:00:00	2025-05-27 07:00:00
19	6	2025-05-26 07:00:00	2025-05-27 07:00:00
18	6	2025-05-26 07:00:00	2025-05-27 07:00:00
53	6	2025-05-26 07:00:00	2025-05-27 07:00:00
31	9	2025-05-26 07:00:00	2025-05-27 07:00:00
61	9	2025-05-26 07:00:00	2025-05-27 07:00:00
43	9	2025-05-26 07:00:00	2025-05-27 07:00:00
13	12	2025-05-26 07:00:00	2025-05-27 07:00:00
35	12	2025-05-26 07:00:00	2025-05-27 07:00:00
71	12	2025-05-26 07:00:00	2025-05-27 07:00:00
22	12	2025-05-26 07:00:00	2025-05-27 07:00:00
48	12	2025-05-26 07:00:00	2025-05-27 07:00:00
58	12	2025-05-26 07:00:00	2025-05-27 07:00:00
16	15	2025-05-26 07:00:00	2025-05-27 07:00:00
25	15	2025-05-26 07:00:00	2025-05-27 07:00:00
60	15	2025-05-26 07:00:00	2025-05-27 07:00:00
51	1	2025-05-27 07:00:00	2025-05-28 07:00:00
26	1	2025-05-27 07:00:00	2025-05-28 07:00:00
23	1	2025-05-27 07:00:00	2025-05-28 07:00:00
50	1	2025-05-27 07:00:00	2025-05-28 07:00:00
72	1	2025-05-27 07:00:00	2025-05-28 07:00:00
11	1	2025-05-27 07:00:00	2025-05-28 07:00:00
59	1	2025-05-27 07:00:00	2025-05-28 07:00:00
7	1	2025-05-27 07:00:00	2025-05-28 07:00:00
73	1	2025-05-27 07:00:00	2025-05-28 07:00:00
3	4	2025-05-27 07:00:00	2025-05-28 07:00:00
44	4	2025-05-27 07:00:00	2025-05-28 07:00:00
54	4	2025-05-27 07:00:00	2025-05-28 07:00:00
37	7	2025-05-27 07:00:00	2025-05-28 07:00:00
8	7	2025-05-27 07:00:00	2025-05-28 07:00:00
52	7	2025-05-27 07:00:00	2025-05-28 07:00:00
9	10	2025-05-27 07:00:00	2025-05-28 07:00:00
75	10	2025-05-27 07:00:00	2025-05-28 07:00:00
27	10	2025-05-27 07:00:00	2025-05-28 07:00:00
17	10	2025-05-27 07:00:00	2025-05-28 07:00:00
65	10	2025-05-27 07:00:00	2025-05-28 07:00:00
66	10	2025-05-27 07:00:00	2025-05-28 07:00:00
69	10	2025-05-27 07:00:00	2025-05-28 07:00:00
30	13	2025-05-27 07:00:00	2025-05-28 07:00:00
40	13	2025-05-27 07:00:00	2025-05-28 07:00:00
62	13	2025-05-27 07:00:00	2025-05-28 07:00:00
74	2	2025-05-28 07:00:00	2025-05-29 07:00:00
4	2	2025-05-28 07:00:00	2025-05-29 07:00:00
36	2	2025-05-28 07:00:00	2025-05-29 07:00:00
47	2	2025-05-28 07:00:00	2025-05-29 07:00:00
56	2	2025-05-28 07:00:00	2025-05-29 07:00:00
28	2	2025-05-28 07:00:00	2025-05-29 07:00:00
20	5	2025-05-28 07:00:00	2025-05-29 07:00:00
32	5	2025-05-28 07:00:00	2025-05-29 07:00:00
64	5	2025-05-28 07:00:00	2025-05-29 07:00:00
24	8	2025-05-28 07:00:00	2025-05-29 07:00:00
29	8	2025-05-28 07:00:00	2025-05-29 07:00:00
68	8	2025-05-28 07:00:00	2025-05-29 07:00:00
76	11	2025-05-28 07:00:00	2025-05-29 07:00:00
14	11	2025-05-28 07:00:00	2025-05-29 07:00:00
5	11	2025-05-28 07:00:00	2025-05-29 07:00:00
21	11	2025-05-28 07:00:00	2025-05-29 07:00:00
39	11	2025-05-28 07:00:00	2025-05-29 07:00:00
55	14	2025-05-28 07:00:00	2025-05-29 07:00:00
41	14	2025-05-28 07:00:00	2025-05-29 07:00:00
6	14	2025-05-28 07:00:00	2025-05-29 07:00:00
15	3	2025-05-29 07:00:00	2025-05-30 07:00:00
12	3	2025-05-29 07:00:00	2025-05-30 07:00:00
49	3	2025-05-29 07:00:00	2025-05-30 07:00:00
70	3	2025-05-29 07:00:00	2025-05-30 07:00:00
45	3	2025-05-29 07:00:00	2025-05-30 07:00:00
33	3	2025-05-29 07:00:00	2025-05-30 07:00:00
67	3	2025-05-29 07:00:00	2025-05-30 07:00:00
19	6	2025-05-29 07:00:00	2025-05-30 07:00:00
18	6	2025-05-29 07:00:00	2025-05-30 07:00:00
53	6	2025-05-29 07:00:00	2025-05-30 07:00:00
31	9	2025-05-29 07:00:00	2025-05-30 07:00:00
61	9	2025-05-29 07:00:00	2025-05-30 07:00:00
43	9	2025-05-29 07:00:00	2025-05-30 07:00:00
13	12	2025-05-29 07:00:00	2025-05-30 07:00:00
35	12	2025-05-29 07:00:00	2025-05-30 07:00:00
71	12	2025-05-29 07:00:00	2025-05-30 07:00:00
22	12	2025-05-29 07:00:00	2025-05-30 07:00:00
48	12	2025-05-29 07:00:00	2025-05-30 07:00:00
58	12	2025-05-29 07:00:00	2025-05-30 07:00:00
16	15	2025-05-29 07:00:00	2025-05-30 07:00:00
25	15	2025-05-29 07:00:00	2025-05-30 07:00:00
60	15	2025-05-29 07:00:00	2025-05-30 07:00:00
51	1	2025-05-30 07:00:00	2025-05-31 07:00:00
26	1	2025-05-30 07:00:00	2025-05-31 07:00:00
23	1	2025-05-30 07:00:00	2025-05-31 07:00:00
50	1	2025-05-30 07:00:00	2025-05-31 07:00:00
72	1	2025-05-30 07:00:00	2025-05-31 07:00:00
11	1	2025-05-30 07:00:00	2025-05-31 07:00:00
59	1	2025-05-30 07:00:00	2025-05-31 07:00:00
7	1	2025-05-30 07:00:00	2025-05-31 07:00:00
73	1	2025-05-30 07:00:00	2025-05-31 07:00:00
3	4	2025-05-30 07:00:00	2025-05-31 07:00:00
44	4	2025-05-30 07:00:00	2025-05-31 07:00:00
54	4	2025-05-30 07:00:00	2025-05-31 07:00:00
37	7	2025-05-30 07:00:00	2025-05-31 07:00:00
8	7	2025-05-30 07:00:00	2025-05-31 07:00:00
52	7	2025-05-30 07:00:00	2025-05-31 07:00:00
9	10	2025-05-30 07:00:00	2025-05-31 07:00:00
75	10	2025-05-30 07:00:00	2025-05-31 07:00:00
27	10	2025-05-30 07:00:00	2025-05-31 07:00:00
17	10	2025-05-30 07:00:00	2025-05-31 07:00:00
65	10	2025-05-30 07:00:00	2025-05-31 07:00:00
66	10	2025-05-30 07:00:00	2025-05-31 07:00:00
69	10	2025-05-30 07:00:00	2025-05-31 07:00:00
30	13	2025-05-30 07:00:00	2025-05-31 07:00:00
40	13	2025-05-30 07:00:00	2025-05-31 07:00:00
62	13	2025-05-30 07:00:00	2025-05-31 07:00:00
74	2	2025-05-31 07:00:00	2025-06-01 07:00:00
4	2	2025-05-31 07:00:00	2025-06-01 07:00:00
36	2	2025-05-31 07:00:00	2025-06-01 07:00:00
47	2	2025-05-31 07:00:00	2025-06-01 07:00:00
56	2	2025-05-31 07:00:00	2025-06-01 07:00:00
28	2	2025-05-31 07:00:00	2025-06-01 07:00:00
20	5	2025-05-31 07:00:00	2025-06-01 07:00:00
32	5	2025-05-31 07:00:00	2025-06-01 07:00:00
64	5	2025-05-31 07:00:00	2025-06-01 07:00:00
24	8	2025-05-31 07:00:00	2025-06-01 07:00:00
29	8	2025-05-31 07:00:00	2025-06-01 07:00:00
68	8	2025-05-31 07:00:00	2025-06-01 07:00:00
76	11	2025-05-31 07:00:00	2025-06-01 07:00:00
14	11	2025-05-31 07:00:00	2025-06-01 07:00:00
5	11	2025-05-31 07:00:00	2025-06-01 07:00:00
21	11	2025-05-31 07:00:00	2025-06-01 07:00:00
39	11	2025-05-31 07:00:00	2025-06-01 07:00:00
55	14	2025-05-31 07:00:00	2025-06-01 07:00:00
41	14	2025-05-31 07:00:00	2025-06-01 07:00:00
6	14	2025-05-31 07:00:00	2025-06-01 07:00:00
15	3	2025-06-01 07:00:00	2025-06-02 07:00:00
12	3	2025-06-01 07:00:00	2025-06-02 07:00:00
49	3	2025-06-01 07:00:00	2025-06-02 07:00:00
70	3	2025-06-01 07:00:00	2025-06-02 07:00:00
45	3	2025-06-01 07:00:00	2025-06-02 07:00:00
33	3	2025-06-01 07:00:00	2025-06-02 07:00:00
67	3	2025-06-01 07:00:00	2025-06-02 07:00:00
19	6	2025-06-01 07:00:00	2025-06-02 07:00:00
18	6	2025-06-01 07:00:00	2025-06-02 07:00:00
53	6	2025-06-01 07:00:00	2025-06-02 07:00:00
31	9	2025-06-01 07:00:00	2025-06-02 07:00:00
61	9	2025-06-01 07:00:00	2025-06-02 07:00:00
43	9	2025-06-01 07:00:00	2025-06-02 07:00:00
13	12	2025-06-01 07:00:00	2025-06-02 07:00:00
35	12	2025-06-01 07:00:00	2025-06-02 07:00:00
71	12	2025-06-01 07:00:00	2025-06-02 07:00:00
22	12	2025-06-01 07:00:00	2025-06-02 07:00:00
48	12	2025-06-01 07:00:00	2025-06-02 07:00:00
58	12	2025-06-01 07:00:00	2025-06-02 07:00:00
16	15	2025-06-01 07:00:00	2025-06-02 07:00:00
25	15	2025-06-01 07:00:00	2025-06-02 07:00:00
60	15	2025-06-01 07:00:00	2025-06-02 07:00:00
51	1	2025-06-02 07:00:00	2025-06-03 07:00:00
26	1	2025-06-02 07:00:00	2025-06-03 07:00:00
23	1	2025-06-02 07:00:00	2025-06-03 07:00:00
50	1	2025-06-02 07:00:00	2025-06-03 07:00:00
72	1	2025-06-02 07:00:00	2025-06-03 07:00:00
11	1	2025-06-02 07:00:00	2025-06-03 07:00:00
59	1	2025-06-02 07:00:00	2025-06-03 07:00:00
7	1	2025-06-02 07:00:00	2025-06-03 07:00:00
73	1	2025-06-02 07:00:00	2025-06-03 07:00:00
3	4	2025-06-02 07:00:00	2025-06-03 07:00:00
44	4	2025-06-02 07:00:00	2025-06-03 07:00:00
54	4	2025-06-02 07:00:00	2025-06-03 07:00:00
37	7	2025-06-02 07:00:00	2025-06-03 07:00:00
8	7	2025-06-02 07:00:00	2025-06-03 07:00:00
52	7	2025-06-02 07:00:00	2025-06-03 07:00:00
9	10	2025-06-02 07:00:00	2025-06-03 07:00:00
75	10	2025-06-02 07:00:00	2025-06-03 07:00:00
27	10	2025-06-02 07:00:00	2025-06-03 07:00:00
17	10	2025-06-02 07:00:00	2025-06-03 07:00:00
65	10	2025-06-02 07:00:00	2025-06-03 07:00:00
66	10	2025-06-02 07:00:00	2025-06-03 07:00:00
69	10	2025-06-02 07:00:00	2025-06-03 07:00:00
30	13	2025-06-02 07:00:00	2025-06-03 07:00:00
40	13	2025-06-02 07:00:00	2025-06-03 07:00:00
62	13	2025-06-02 07:00:00	2025-06-03 07:00:00
74	2	2025-06-03 07:00:00	2025-06-04 07:00:00
4	2	2025-06-03 07:00:00	2025-06-04 07:00:00
36	2	2025-06-03 07:00:00	2025-06-04 07:00:00
47	2	2025-06-03 07:00:00	2025-06-04 07:00:00
56	2	2025-06-03 07:00:00	2025-06-04 07:00:00
28	2	2025-06-03 07:00:00	2025-06-04 07:00:00
20	5	2025-06-03 07:00:00	2025-06-04 07:00:00
32	5	2025-06-03 07:00:00	2025-06-04 07:00:00
64	5	2025-06-03 07:00:00	2025-06-04 07:00:00
24	8	2025-06-03 07:00:00	2025-06-04 07:00:00
29	8	2025-06-03 07:00:00	2025-06-04 07:00:00
68	8	2025-06-03 07:00:00	2025-06-04 07:00:00
76	11	2025-06-03 07:00:00	2025-06-04 07:00:00
14	11	2025-06-03 07:00:00	2025-06-04 07:00:00
5	11	2025-06-03 07:00:00	2025-06-04 07:00:00
21	11	2025-06-03 07:00:00	2025-06-04 07:00:00
39	11	2025-06-03 07:00:00	2025-06-04 07:00:00
55	14	2025-06-03 07:00:00	2025-06-04 07:00:00
41	14	2025-06-03 07:00:00	2025-06-04 07:00:00
6	14	2025-06-03 07:00:00	2025-06-04 07:00:00
15	3	2025-06-04 07:00:00	2025-06-05 07:00:00
12	3	2025-06-04 07:00:00	2025-06-05 07:00:00
49	3	2025-06-04 07:00:00	2025-06-05 07:00:00
70	3	2025-06-04 07:00:00	2025-06-05 07:00:00
45	3	2025-06-04 07:00:00	2025-06-05 07:00:00
33	3	2025-06-04 07:00:00	2025-06-05 07:00:00
67	3	2025-06-04 07:00:00	2025-06-05 07:00:00
19	6	2025-06-04 07:00:00	2025-06-05 07:00:00
18	6	2025-06-04 07:00:00	2025-06-05 07:00:00
53	6	2025-06-04 07:00:00	2025-06-05 07:00:00
31	9	2025-06-04 07:00:00	2025-06-05 07:00:00
61	9	2025-06-04 07:00:00	2025-06-05 07:00:00
43	9	2025-06-04 07:00:00	2025-06-05 07:00:00
13	12	2025-06-04 07:00:00	2025-06-05 07:00:00
35	12	2025-06-04 07:00:00	2025-06-05 07:00:00
71	12	2025-06-04 07:00:00	2025-06-05 07:00:00
22	12	2025-06-04 07:00:00	2025-06-05 07:00:00
48	12	2025-06-04 07:00:00	2025-06-05 07:00:00
58	12	2025-06-04 07:00:00	2025-06-05 07:00:00
16	15	2025-06-04 07:00:00	2025-06-05 07:00:00
25	15	2025-06-04 07:00:00	2025-06-05 07:00:00
60	15	2025-06-04 07:00:00	2025-06-05 07:00:00
51	1	2025-06-05 07:00:00	2025-06-06 07:00:00
26	1	2025-06-05 07:00:00	2025-06-06 07:00:00
23	1	2025-06-05 07:00:00	2025-06-06 07:00:00
50	1	2025-06-05 07:00:00	2025-06-06 07:00:00
72	1	2025-06-05 07:00:00	2025-06-06 07:00:00
11	1	2025-06-05 07:00:00	2025-06-06 07:00:00
59	1	2025-06-05 07:00:00	2025-06-06 07:00:00
7	1	2025-06-05 07:00:00	2025-06-06 07:00:00
73	1	2025-06-05 07:00:00	2025-06-06 07:00:00
3	4	2025-06-05 07:00:00	2025-06-06 07:00:00
44	4	2025-06-05 07:00:00	2025-06-06 07:00:00
54	4	2025-06-05 07:00:00	2025-06-06 07:00:00
37	7	2025-06-05 07:00:00	2025-06-06 07:00:00
8	7	2025-06-05 07:00:00	2025-06-06 07:00:00
52	7	2025-06-05 07:00:00	2025-06-06 07:00:00
9	10	2025-06-05 07:00:00	2025-06-06 07:00:00
75	10	2025-06-05 07:00:00	2025-06-06 07:00:00
27	10	2025-06-05 07:00:00	2025-06-06 07:00:00
17	10	2025-06-05 07:00:00	2025-06-06 07:00:00
65	10	2025-06-05 07:00:00	2025-06-06 07:00:00
66	10	2025-06-05 07:00:00	2025-06-06 07:00:00
69	10	2025-06-05 07:00:00	2025-06-06 07:00:00
30	13	2025-06-05 07:00:00	2025-06-06 07:00:00
40	13	2025-06-05 07:00:00	2025-06-06 07:00:00
62	13	2025-06-05 07:00:00	2025-06-06 07:00:00
74	2	2025-06-06 07:00:00	2025-06-07 07:00:00
4	2	2025-06-06 07:00:00	2025-06-07 07:00:00
36	2	2025-06-06 07:00:00	2025-06-07 07:00:00
47	2	2025-06-06 07:00:00	2025-06-07 07:00:00
56	2	2025-06-06 07:00:00	2025-06-07 07:00:00
28	2	2025-06-06 07:00:00	2025-06-07 07:00:00
20	5	2025-06-06 07:00:00	2025-06-07 07:00:00
32	5	2025-06-06 07:00:00	2025-06-07 07:00:00
64	5	2025-06-06 07:00:00	2025-06-07 07:00:00
24	8	2025-06-06 07:00:00	2025-06-07 07:00:00
29	8	2025-06-06 07:00:00	2025-06-07 07:00:00
68	8	2025-06-06 07:00:00	2025-06-07 07:00:00
76	11	2025-06-06 07:00:00	2025-06-07 07:00:00
14	11	2025-06-06 07:00:00	2025-06-07 07:00:00
5	11	2025-06-06 07:00:00	2025-06-07 07:00:00
21	11	2025-06-06 07:00:00	2025-06-07 07:00:00
39	11	2025-06-06 07:00:00	2025-06-07 07:00:00
55	14	2025-06-06 07:00:00	2025-06-07 07:00:00
41	14	2025-06-06 07:00:00	2025-06-07 07:00:00
6	14	2025-06-06 07:00:00	2025-06-07 07:00:00
15	3	2025-06-07 07:00:00	2025-06-08 07:00:00
12	3	2025-06-07 07:00:00	2025-06-08 07:00:00
49	3	2025-06-07 07:00:00	2025-06-08 07:00:00
70	3	2025-06-07 07:00:00	2025-06-08 07:00:00
45	3	2025-06-07 07:00:00	2025-06-08 07:00:00
33	3	2025-06-07 07:00:00	2025-06-08 07:00:00
67	3	2025-06-07 07:00:00	2025-06-08 07:00:00
19	6	2025-06-07 07:00:00	2025-06-08 07:00:00
18	6	2025-06-07 07:00:00	2025-06-08 07:00:00
53	6	2025-06-07 07:00:00	2025-06-08 07:00:00
31	9	2025-06-07 07:00:00	2025-06-08 07:00:00
61	9	2025-06-07 07:00:00	2025-06-08 07:00:00
43	9	2025-06-07 07:00:00	2025-06-08 07:00:00
13	12	2025-06-07 07:00:00	2025-06-08 07:00:00
35	12	2025-06-07 07:00:00	2025-06-08 07:00:00
71	12	2025-06-07 07:00:00	2025-06-08 07:00:00
22	12	2025-06-07 07:00:00	2025-06-08 07:00:00
48	12	2025-06-07 07:00:00	2025-06-08 07:00:00
58	12	2025-06-07 07:00:00	2025-06-08 07:00:00
16	15	2025-06-07 07:00:00	2025-06-08 07:00:00
25	15	2025-06-07 07:00:00	2025-06-08 07:00:00
60	15	2025-06-07 07:00:00	2025-06-08 07:00:00
51	1	2025-06-08 07:00:00	2025-06-09 07:00:00
26	1	2025-06-08 07:00:00	2025-06-09 07:00:00
23	1	2025-06-08 07:00:00	2025-06-09 07:00:00
50	1	2025-06-08 07:00:00	2025-06-09 07:00:00
72	1	2025-06-08 07:00:00	2025-06-09 07:00:00
11	1	2025-06-08 07:00:00	2025-06-09 07:00:00
59	1	2025-06-08 07:00:00	2025-06-09 07:00:00
7	1	2025-06-08 07:00:00	2025-06-09 07:00:00
73	1	2025-06-08 07:00:00	2025-06-09 07:00:00
3	4	2025-06-08 07:00:00	2025-06-09 07:00:00
44	4	2025-06-08 07:00:00	2025-06-09 07:00:00
54	4	2025-06-08 07:00:00	2025-06-09 07:00:00
37	7	2025-06-08 07:00:00	2025-06-09 07:00:00
8	7	2025-06-08 07:00:00	2025-06-09 07:00:00
52	7	2025-06-08 07:00:00	2025-06-09 07:00:00
9	10	2025-06-08 07:00:00	2025-06-09 07:00:00
75	10	2025-06-08 07:00:00	2025-06-09 07:00:00
27	10	2025-06-08 07:00:00	2025-06-09 07:00:00
17	10	2025-06-08 07:00:00	2025-06-09 07:00:00
65	10	2025-06-08 07:00:00	2025-06-09 07:00:00
66	10	2025-06-08 07:00:00	2025-06-09 07:00:00
69	10	2025-06-08 07:00:00	2025-06-09 07:00:00
30	13	2025-06-08 07:00:00	2025-06-09 07:00:00
40	13	2025-06-08 07:00:00	2025-06-09 07:00:00
62	13	2025-06-08 07:00:00	2025-06-09 07:00:00
74	2	2025-06-09 07:00:00	2025-06-10 07:00:00
4	2	2025-06-09 07:00:00	2025-06-10 07:00:00
36	2	2025-06-09 07:00:00	2025-06-10 07:00:00
47	2	2025-06-09 07:00:00	2025-06-10 07:00:00
56	2	2025-06-09 07:00:00	2025-06-10 07:00:00
28	2	2025-06-09 07:00:00	2025-06-10 07:00:00
20	5	2025-06-09 07:00:00	2025-06-10 07:00:00
32	5	2025-06-09 07:00:00	2025-06-10 07:00:00
64	5	2025-06-09 07:00:00	2025-06-10 07:00:00
24	8	2025-06-09 07:00:00	2025-06-10 07:00:00
29	8	2025-06-09 07:00:00	2025-06-10 07:00:00
68	8	2025-06-09 07:00:00	2025-06-10 07:00:00
76	11	2025-06-09 07:00:00	2025-06-10 07:00:00
14	11	2025-06-09 07:00:00	2025-06-10 07:00:00
5	11	2025-06-09 07:00:00	2025-06-10 07:00:00
21	11	2025-06-09 07:00:00	2025-06-10 07:00:00
39	11	2025-06-09 07:00:00	2025-06-10 07:00:00
55	14	2025-06-09 07:00:00	2025-06-10 07:00:00
41	14	2025-06-09 07:00:00	2025-06-10 07:00:00
6	14	2025-06-09 07:00:00	2025-06-10 07:00:00
15	3	2025-06-10 07:00:00	2025-06-11 07:00:00
12	3	2025-06-10 07:00:00	2025-06-11 07:00:00
49	3	2025-06-10 07:00:00	2025-06-11 07:00:00
70	3	2025-06-10 07:00:00	2025-06-11 07:00:00
45	3	2025-06-10 07:00:00	2025-06-11 07:00:00
33	3	2025-06-10 07:00:00	2025-06-11 07:00:00
67	3	2025-06-10 07:00:00	2025-06-11 07:00:00
19	6	2025-06-10 07:00:00	2025-06-11 07:00:00
18	6	2025-06-10 07:00:00	2025-06-11 07:00:00
53	6	2025-06-10 07:00:00	2025-06-11 07:00:00
31	9	2025-06-10 07:00:00	2025-06-11 07:00:00
61	9	2025-06-10 07:00:00	2025-06-11 07:00:00
43	9	2025-06-10 07:00:00	2025-06-11 07:00:00
13	12	2025-06-10 07:00:00	2025-06-11 07:00:00
35	12	2025-06-10 07:00:00	2025-06-11 07:00:00
71	12	2025-06-10 07:00:00	2025-06-11 07:00:00
22	12	2025-06-10 07:00:00	2025-06-11 07:00:00
48	12	2025-06-10 07:00:00	2025-06-11 07:00:00
58	12	2025-06-10 07:00:00	2025-06-11 07:00:00
16	15	2025-06-10 07:00:00	2025-06-11 07:00:00
25	15	2025-06-10 07:00:00	2025-06-11 07:00:00
60	15	2025-06-10 07:00:00	2025-06-11 07:00:00
51	1	2025-06-11 07:00:00	2025-06-12 07:00:00
26	1	2025-06-11 07:00:00	2025-06-12 07:00:00
23	1	2025-06-11 07:00:00	2025-06-12 07:00:00
50	1	2025-06-11 07:00:00	2025-06-12 07:00:00
72	1	2025-06-11 07:00:00	2025-06-12 07:00:00
11	1	2025-06-11 07:00:00	2025-06-12 07:00:00
59	1	2025-06-11 07:00:00	2025-06-12 07:00:00
7	1	2025-06-11 07:00:00	2025-06-12 07:00:00
73	1	2025-06-11 07:00:00	2025-06-12 07:00:00
3	4	2025-06-11 07:00:00	2025-06-12 07:00:00
44	4	2025-06-11 07:00:00	2025-06-12 07:00:00
54	4	2025-06-11 07:00:00	2025-06-12 07:00:00
37	7	2025-06-11 07:00:00	2025-06-12 07:00:00
8	7	2025-06-11 07:00:00	2025-06-12 07:00:00
52	7	2025-06-11 07:00:00	2025-06-12 07:00:00
9	10	2025-06-11 07:00:00	2025-06-12 07:00:00
75	10	2025-06-11 07:00:00	2025-06-12 07:00:00
27	10	2025-06-11 07:00:00	2025-06-12 07:00:00
17	10	2025-06-11 07:00:00	2025-06-12 07:00:00
65	10	2025-06-11 07:00:00	2025-06-12 07:00:00
66	10	2025-06-11 07:00:00	2025-06-12 07:00:00
69	10	2025-06-11 07:00:00	2025-06-12 07:00:00
30	13	2025-06-11 07:00:00	2025-06-12 07:00:00
40	13	2025-06-11 07:00:00	2025-06-12 07:00:00
62	13	2025-06-11 07:00:00	2025-06-12 07:00:00
74	2	2025-06-12 07:00:00	2025-06-13 07:00:00
4	2	2025-06-12 07:00:00	2025-06-13 07:00:00
36	2	2025-06-12 07:00:00	2025-06-13 07:00:00
47	2	2025-06-12 07:00:00	2025-06-13 07:00:00
56	2	2025-06-12 07:00:00	2025-06-13 07:00:00
28	2	2025-06-12 07:00:00	2025-06-13 07:00:00
20	5	2025-06-12 07:00:00	2025-06-13 07:00:00
32	5	2025-06-12 07:00:00	2025-06-13 07:00:00
64	5	2025-06-12 07:00:00	2025-06-13 07:00:00
24	8	2025-06-12 07:00:00	2025-06-13 07:00:00
29	8	2025-06-12 07:00:00	2025-06-13 07:00:00
68	8	2025-06-12 07:00:00	2025-06-13 07:00:00
76	11	2025-06-12 07:00:00	2025-06-13 07:00:00
14	11	2025-06-12 07:00:00	2025-06-13 07:00:00
5	11	2025-06-12 07:00:00	2025-06-13 07:00:00
21	11	2025-06-12 07:00:00	2025-06-13 07:00:00
39	11	2025-06-12 07:00:00	2025-06-13 07:00:00
55	14	2025-06-12 07:00:00	2025-06-13 07:00:00
41	14	2025-06-12 07:00:00	2025-06-13 07:00:00
6	14	2025-06-12 07:00:00	2025-06-13 07:00:00
15	3	2025-06-13 07:00:00	2025-06-14 07:00:00
12	3	2025-06-13 07:00:00	2025-06-14 07:00:00
49	3	2025-06-13 07:00:00	2025-06-14 07:00:00
70	3	2025-06-13 07:00:00	2025-06-14 07:00:00
45	3	2025-06-13 07:00:00	2025-06-14 07:00:00
33	3	2025-06-13 07:00:00	2025-06-14 07:00:00
67	3	2025-06-13 07:00:00	2025-06-14 07:00:00
19	6	2025-06-13 07:00:00	2025-06-14 07:00:00
18	6	2025-06-13 07:00:00	2025-06-14 07:00:00
53	6	2025-06-13 07:00:00	2025-06-14 07:00:00
31	9	2025-06-13 07:00:00	2025-06-14 07:00:00
61	9	2025-06-13 07:00:00	2025-06-14 07:00:00
43	9	2025-06-13 07:00:00	2025-06-14 07:00:00
13	12	2025-06-13 07:00:00	2025-06-14 07:00:00
35	12	2025-06-13 07:00:00	2025-06-14 07:00:00
71	12	2025-06-13 07:00:00	2025-06-14 07:00:00
22	12	2025-06-13 07:00:00	2025-06-14 07:00:00
48	12	2025-06-13 07:00:00	2025-06-14 07:00:00
58	12	2025-06-13 07:00:00	2025-06-14 07:00:00
16	15	2025-06-13 07:00:00	2025-06-14 07:00:00
25	15	2025-06-13 07:00:00	2025-06-14 07:00:00
60	15	2025-06-13 07:00:00	2025-06-14 07:00:00
51	1	2025-06-14 07:00:00	2025-06-15 07:00:00
26	1	2025-06-14 07:00:00	2025-06-15 07:00:00
23	1	2025-06-14 07:00:00	2025-06-15 07:00:00
50	1	2025-06-14 07:00:00	2025-06-15 07:00:00
72	1	2025-06-14 07:00:00	2025-06-15 07:00:00
11	1	2025-06-14 07:00:00	2025-06-15 07:00:00
59	1	2025-06-14 07:00:00	2025-06-15 07:00:00
7	1	2025-06-14 07:00:00	2025-06-15 07:00:00
73	1	2025-06-14 07:00:00	2025-06-15 07:00:00
3	4	2025-06-14 07:00:00	2025-06-15 07:00:00
44	4	2025-06-14 07:00:00	2025-06-15 07:00:00
54	4	2025-06-14 07:00:00	2025-06-15 07:00:00
37	7	2025-06-14 07:00:00	2025-06-15 07:00:00
8	7	2025-06-14 07:00:00	2025-06-15 07:00:00
52	7	2025-06-14 07:00:00	2025-06-15 07:00:00
9	10	2025-06-14 07:00:00	2025-06-15 07:00:00
75	10	2025-06-14 07:00:00	2025-06-15 07:00:00
27	10	2025-06-14 07:00:00	2025-06-15 07:00:00
17	10	2025-06-14 07:00:00	2025-06-15 07:00:00
65	10	2025-06-14 07:00:00	2025-06-15 07:00:00
66	10	2025-06-14 07:00:00	2025-06-15 07:00:00
69	10	2025-06-14 07:00:00	2025-06-15 07:00:00
30	13	2025-06-14 07:00:00	2025-06-15 07:00:00
40	13	2025-06-14 07:00:00	2025-06-15 07:00:00
62	13	2025-06-14 07:00:00	2025-06-15 07:00:00
74	2	2025-06-15 07:00:00	2025-06-16 07:00:00
4	2	2025-06-15 07:00:00	2025-06-16 07:00:00
36	2	2025-06-15 07:00:00	2025-06-16 07:00:00
47	2	2025-06-15 07:00:00	2025-06-16 07:00:00
56	2	2025-06-15 07:00:00	2025-06-16 07:00:00
28	2	2025-06-15 07:00:00	2025-06-16 07:00:00
20	5	2025-06-15 07:00:00	2025-06-16 07:00:00
32	5	2025-06-15 07:00:00	2025-06-16 07:00:00
64	5	2025-06-15 07:00:00	2025-06-16 07:00:00
24	8	2025-06-15 07:00:00	2025-06-16 07:00:00
29	8	2025-06-15 07:00:00	2025-06-16 07:00:00
68	8	2025-06-15 07:00:00	2025-06-16 07:00:00
76	11	2025-06-15 07:00:00	2025-06-16 07:00:00
14	11	2025-06-15 07:00:00	2025-06-16 07:00:00
5	11	2025-06-15 07:00:00	2025-06-16 07:00:00
21	11	2025-06-15 07:00:00	2025-06-16 07:00:00
39	11	2025-06-15 07:00:00	2025-06-16 07:00:00
55	14	2025-06-15 07:00:00	2025-06-16 07:00:00
41	14	2025-06-15 07:00:00	2025-06-16 07:00:00
6	14	2025-06-15 07:00:00	2025-06-16 07:00:00
15	3	2025-06-16 07:00:00	2025-06-17 07:00:00
12	3	2025-06-16 07:00:00	2025-06-17 07:00:00
49	3	2025-06-16 07:00:00	2025-06-17 07:00:00
70	3	2025-06-16 07:00:00	2025-06-17 07:00:00
45	3	2025-06-16 07:00:00	2025-06-17 07:00:00
33	3	2025-06-16 07:00:00	2025-06-17 07:00:00
67	3	2025-06-16 07:00:00	2025-06-17 07:00:00
19	6	2025-06-16 07:00:00	2025-06-17 07:00:00
18	6	2025-06-16 07:00:00	2025-06-17 07:00:00
53	6	2025-06-16 07:00:00	2025-06-17 07:00:00
31	9	2025-06-16 07:00:00	2025-06-17 07:00:00
61	9	2025-06-16 07:00:00	2025-06-17 07:00:00
43	9	2025-06-16 07:00:00	2025-06-17 07:00:00
13	12	2025-06-16 07:00:00	2025-06-17 07:00:00
35	12	2025-06-16 07:00:00	2025-06-17 07:00:00
71	12	2025-06-16 07:00:00	2025-06-17 07:00:00
22	12	2025-06-16 07:00:00	2025-06-17 07:00:00
48	12	2025-06-16 07:00:00	2025-06-17 07:00:00
58	12	2025-06-16 07:00:00	2025-06-17 07:00:00
16	15	2025-06-16 07:00:00	2025-06-17 07:00:00
25	15	2025-06-16 07:00:00	2025-06-17 07:00:00
60	15	2025-06-16 07:00:00	2025-06-17 07:00:00
51	1	2025-06-17 07:00:00	2025-06-18 07:00:00
26	1	2025-06-17 07:00:00	2025-06-18 07:00:00
23	1	2025-06-17 07:00:00	2025-06-18 07:00:00
50	1	2025-06-17 07:00:00	2025-06-18 07:00:00
72	1	2025-06-17 07:00:00	2025-06-18 07:00:00
11	1	2025-06-17 07:00:00	2025-06-18 07:00:00
59	1	2025-06-17 07:00:00	2025-06-18 07:00:00
7	1	2025-06-17 07:00:00	2025-06-18 07:00:00
73	1	2025-06-17 07:00:00	2025-06-18 07:00:00
3	4	2025-06-17 07:00:00	2025-06-18 07:00:00
44	4	2025-06-17 07:00:00	2025-06-18 07:00:00
54	4	2025-06-17 07:00:00	2025-06-18 07:00:00
37	7	2025-06-17 07:00:00	2025-06-18 07:00:00
8	7	2025-06-17 07:00:00	2025-06-18 07:00:00
52	7	2025-06-17 07:00:00	2025-06-18 07:00:00
9	10	2025-06-17 07:00:00	2025-06-18 07:00:00
75	10	2025-06-17 07:00:00	2025-06-18 07:00:00
27	10	2025-06-17 07:00:00	2025-06-18 07:00:00
17	10	2025-06-17 07:00:00	2025-06-18 07:00:00
65	10	2025-06-17 07:00:00	2025-06-18 07:00:00
66	10	2025-06-17 07:00:00	2025-06-18 07:00:00
69	10	2025-06-17 07:00:00	2025-06-18 07:00:00
30	13	2025-06-17 07:00:00	2025-06-18 07:00:00
40	13	2025-06-17 07:00:00	2025-06-18 07:00:00
62	13	2025-06-17 07:00:00	2025-06-18 07:00:00
74	2	2025-06-18 07:00:00	2025-06-19 07:00:00
4	2	2025-06-18 07:00:00	2025-06-19 07:00:00
36	2	2025-06-18 07:00:00	2025-06-19 07:00:00
47	2	2025-06-18 07:00:00	2025-06-19 07:00:00
56	2	2025-06-18 07:00:00	2025-06-19 07:00:00
28	2	2025-06-18 07:00:00	2025-06-19 07:00:00
20	5	2025-06-18 07:00:00	2025-06-19 07:00:00
32	5	2025-06-18 07:00:00	2025-06-19 07:00:00
64	5	2025-06-18 07:00:00	2025-06-19 07:00:00
24	8	2025-06-18 07:00:00	2025-06-19 07:00:00
29	8	2025-06-18 07:00:00	2025-06-19 07:00:00
68	8	2025-06-18 07:00:00	2025-06-19 07:00:00
76	11	2025-06-18 07:00:00	2025-06-19 07:00:00
14	11	2025-06-18 07:00:00	2025-06-19 07:00:00
5	11	2025-06-18 07:00:00	2025-06-19 07:00:00
21	11	2025-06-18 07:00:00	2025-06-19 07:00:00
39	11	2025-06-18 07:00:00	2025-06-19 07:00:00
55	14	2025-06-18 07:00:00	2025-06-19 07:00:00
41	14	2025-06-18 07:00:00	2025-06-19 07:00:00
6	14	2025-06-18 07:00:00	2025-06-19 07:00:00
15	3	2025-06-19 07:00:00	2025-06-20 07:00:00
12	3	2025-06-19 07:00:00	2025-06-20 07:00:00
49	3	2025-06-19 07:00:00	2025-06-20 07:00:00
70	3	2025-06-19 07:00:00	2025-06-20 07:00:00
45	3	2025-06-19 07:00:00	2025-06-20 07:00:00
33	3	2025-06-19 07:00:00	2025-06-20 07:00:00
67	3	2025-06-19 07:00:00	2025-06-20 07:00:00
19	6	2025-06-19 07:00:00	2025-06-20 07:00:00
18	6	2025-06-19 07:00:00	2025-06-20 07:00:00
53	6	2025-06-19 07:00:00	2025-06-20 07:00:00
31	9	2025-06-19 07:00:00	2025-06-20 07:00:00
61	9	2025-06-19 07:00:00	2025-06-20 07:00:00
43	9	2025-06-19 07:00:00	2025-06-20 07:00:00
13	12	2025-06-19 07:00:00	2025-06-20 07:00:00
35	12	2025-06-19 07:00:00	2025-06-20 07:00:00
71	12	2025-06-19 07:00:00	2025-06-20 07:00:00
22	12	2025-06-19 07:00:00	2025-06-20 07:00:00
48	12	2025-06-19 07:00:00	2025-06-20 07:00:00
58	12	2025-06-19 07:00:00	2025-06-20 07:00:00
16	15	2025-06-19 07:00:00	2025-06-20 07:00:00
25	15	2025-06-19 07:00:00	2025-06-20 07:00:00
60	15	2025-06-19 07:00:00	2025-06-20 07:00:00
51	1	2025-06-20 07:00:00	2025-06-21 07:00:00
26	1	2025-06-20 07:00:00	2025-06-21 07:00:00
23	1	2025-06-20 07:00:00	2025-06-21 07:00:00
50	1	2025-06-20 07:00:00	2025-06-21 07:00:00
72	1	2025-06-20 07:00:00	2025-06-21 07:00:00
11	1	2025-06-20 07:00:00	2025-06-21 07:00:00
59	1	2025-06-20 07:00:00	2025-06-21 07:00:00
7	1	2025-06-20 07:00:00	2025-06-21 07:00:00
73	1	2025-06-20 07:00:00	2025-06-21 07:00:00
3	4	2025-06-20 07:00:00	2025-06-21 07:00:00
44	4	2025-06-20 07:00:00	2025-06-21 07:00:00
54	4	2025-06-20 07:00:00	2025-06-21 07:00:00
37	7	2025-06-20 07:00:00	2025-06-21 07:00:00
8	7	2025-06-20 07:00:00	2025-06-21 07:00:00
52	7	2025-06-20 07:00:00	2025-06-21 07:00:00
9	10	2025-06-20 07:00:00	2025-06-21 07:00:00
75	10	2025-06-20 07:00:00	2025-06-21 07:00:00
27	10	2025-06-20 07:00:00	2025-06-21 07:00:00
17	10	2025-06-20 07:00:00	2025-06-21 07:00:00
65	10	2025-06-20 07:00:00	2025-06-21 07:00:00
66	10	2025-06-20 07:00:00	2025-06-21 07:00:00
69	10	2025-06-20 07:00:00	2025-06-21 07:00:00
30	13	2025-06-20 07:00:00	2025-06-21 07:00:00
40	13	2025-06-20 07:00:00	2025-06-21 07:00:00
62	13	2025-06-20 07:00:00	2025-06-21 07:00:00
74	2	2025-06-21 07:00:00	2025-06-22 07:00:00
4	2	2025-06-21 07:00:00	2025-06-22 07:00:00
36	2	2025-06-21 07:00:00	2025-06-22 07:00:00
47	2	2025-06-21 07:00:00	2025-06-22 07:00:00
56	2	2025-06-21 07:00:00	2025-06-22 07:00:00
28	2	2025-06-21 07:00:00	2025-06-22 07:00:00
20	5	2025-06-21 07:00:00	2025-06-22 07:00:00
32	5	2025-06-21 07:00:00	2025-06-22 07:00:00
64	5	2025-06-21 07:00:00	2025-06-22 07:00:00
24	8	2025-06-21 07:00:00	2025-06-22 07:00:00
29	8	2025-06-21 07:00:00	2025-06-22 07:00:00
68	8	2025-06-21 07:00:00	2025-06-22 07:00:00
76	11	2025-06-21 07:00:00	2025-06-22 07:00:00
14	11	2025-06-21 07:00:00	2025-06-22 07:00:00
5	11	2025-06-21 07:00:00	2025-06-22 07:00:00
21	11	2025-06-21 07:00:00	2025-06-22 07:00:00
39	11	2025-06-21 07:00:00	2025-06-22 07:00:00
55	14	2025-06-21 07:00:00	2025-06-22 07:00:00
41	14	2025-06-21 07:00:00	2025-06-22 07:00:00
6	14	2025-06-21 07:00:00	2025-06-22 07:00:00
15	3	2025-06-22 07:00:00	2025-06-23 07:00:00
12	3	2025-06-22 07:00:00	2025-06-23 07:00:00
49	3	2025-06-22 07:00:00	2025-06-23 07:00:00
70	3	2025-06-22 07:00:00	2025-06-23 07:00:00
45	3	2025-06-22 07:00:00	2025-06-23 07:00:00
33	3	2025-06-22 07:00:00	2025-06-23 07:00:00
67	3	2025-06-22 07:00:00	2025-06-23 07:00:00
19	6	2025-06-22 07:00:00	2025-06-23 07:00:00
18	6	2025-06-22 07:00:00	2025-06-23 07:00:00
53	6	2025-06-22 07:00:00	2025-06-23 07:00:00
31	9	2025-06-22 07:00:00	2025-06-23 07:00:00
61	9	2025-06-22 07:00:00	2025-06-23 07:00:00
43	9	2025-06-22 07:00:00	2025-06-23 07:00:00
13	12	2025-06-22 07:00:00	2025-06-23 07:00:00
35	12	2025-06-22 07:00:00	2025-06-23 07:00:00
71	12	2025-06-22 07:00:00	2025-06-23 07:00:00
22	12	2025-06-22 07:00:00	2025-06-23 07:00:00
48	12	2025-06-22 07:00:00	2025-06-23 07:00:00
58	12	2025-06-22 07:00:00	2025-06-23 07:00:00
16	15	2025-06-22 07:00:00	2025-06-23 07:00:00
25	15	2025-06-22 07:00:00	2025-06-23 07:00:00
60	15	2025-06-22 07:00:00	2025-06-23 07:00:00
51	1	2025-06-23 07:00:00	2025-06-24 07:00:00
26	1	2025-06-23 07:00:00	2025-06-24 07:00:00
23	1	2025-06-23 07:00:00	2025-06-24 07:00:00
50	1	2025-06-23 07:00:00	2025-06-24 07:00:00
72	1	2025-06-23 07:00:00	2025-06-24 07:00:00
11	1	2025-06-23 07:00:00	2025-06-24 07:00:00
59	1	2025-06-23 07:00:00	2025-06-24 07:00:00
7	1	2025-06-23 07:00:00	2025-06-24 07:00:00
73	1	2025-06-23 07:00:00	2025-06-24 07:00:00
3	4	2025-06-23 07:00:00	2025-06-24 07:00:00
44	4	2025-06-23 07:00:00	2025-06-24 07:00:00
54	4	2025-06-23 07:00:00	2025-06-24 07:00:00
37	7	2025-06-23 07:00:00	2025-06-24 07:00:00
8	7	2025-06-23 07:00:00	2025-06-24 07:00:00
52	7	2025-06-23 07:00:00	2025-06-24 07:00:00
9	10	2025-06-23 07:00:00	2025-06-24 07:00:00
75	10	2025-06-23 07:00:00	2025-06-24 07:00:00
27	10	2025-06-23 07:00:00	2025-06-24 07:00:00
17	10	2025-06-23 07:00:00	2025-06-24 07:00:00
65	10	2025-06-23 07:00:00	2025-06-24 07:00:00
66	10	2025-06-23 07:00:00	2025-06-24 07:00:00
69	10	2025-06-23 07:00:00	2025-06-24 07:00:00
30	13	2025-06-23 07:00:00	2025-06-24 07:00:00
40	13	2025-06-23 07:00:00	2025-06-24 07:00:00
62	13	2025-06-23 07:00:00	2025-06-24 07:00:00
74	2	2025-06-24 07:00:00	2025-06-25 07:00:00
4	2	2025-06-24 07:00:00	2025-06-25 07:00:00
36	2	2025-06-24 07:00:00	2025-06-25 07:00:00
47	2	2025-06-24 07:00:00	2025-06-25 07:00:00
56	2	2025-06-24 07:00:00	2025-06-25 07:00:00
28	2	2025-06-24 07:00:00	2025-06-25 07:00:00
20	5	2025-06-24 07:00:00	2025-06-25 07:00:00
32	5	2025-06-24 07:00:00	2025-06-25 07:00:00
64	5	2025-06-24 07:00:00	2025-06-25 07:00:00
24	8	2025-06-24 07:00:00	2025-06-25 07:00:00
29	8	2025-06-24 07:00:00	2025-06-25 07:00:00
68	8	2025-06-24 07:00:00	2025-06-25 07:00:00
76	11	2025-06-24 07:00:00	2025-06-25 07:00:00
14	11	2025-06-24 07:00:00	2025-06-25 07:00:00
5	11	2025-06-24 07:00:00	2025-06-25 07:00:00
21	11	2025-06-24 07:00:00	2025-06-25 07:00:00
39	11	2025-06-24 07:00:00	2025-06-25 07:00:00
55	14	2025-06-24 07:00:00	2025-06-25 07:00:00
41	14	2025-06-24 07:00:00	2025-06-25 07:00:00
6	14	2025-06-24 07:00:00	2025-06-25 07:00:00
15	3	2025-06-25 07:00:00	2025-06-26 07:00:00
12	3	2025-06-25 07:00:00	2025-06-26 07:00:00
49	3	2025-06-25 07:00:00	2025-06-26 07:00:00
70	3	2025-06-25 07:00:00	2025-06-26 07:00:00
45	3	2025-06-25 07:00:00	2025-06-26 07:00:00
33	3	2025-06-25 07:00:00	2025-06-26 07:00:00
67	3	2025-06-25 07:00:00	2025-06-26 07:00:00
19	6	2025-06-25 07:00:00	2025-06-26 07:00:00
18	6	2025-06-25 07:00:00	2025-06-26 07:00:00
53	6	2025-06-25 07:00:00	2025-06-26 07:00:00
31	9	2025-06-25 07:00:00	2025-06-26 07:00:00
61	9	2025-06-25 07:00:00	2025-06-26 07:00:00
43	9	2025-06-25 07:00:00	2025-06-26 07:00:00
13	12	2025-06-25 07:00:00	2025-06-26 07:00:00
35	12	2025-06-25 07:00:00	2025-06-26 07:00:00
71	12	2025-06-25 07:00:00	2025-06-26 07:00:00
22	12	2025-06-25 07:00:00	2025-06-26 07:00:00
48	12	2025-06-25 07:00:00	2025-06-26 07:00:00
58	12	2025-06-25 07:00:00	2025-06-26 07:00:00
16	15	2025-06-25 07:00:00	2025-06-26 07:00:00
25	15	2025-06-25 07:00:00	2025-06-26 07:00:00
60	15	2025-06-25 07:00:00	2025-06-26 07:00:00
51	1	2025-06-26 07:00:00	2025-06-27 07:00:00
26	1	2025-06-26 07:00:00	2025-06-27 07:00:00
23	1	2025-06-26 07:00:00	2025-06-27 07:00:00
50	1	2025-06-26 07:00:00	2025-06-27 07:00:00
72	1	2025-06-26 07:00:00	2025-06-27 07:00:00
11	1	2025-06-26 07:00:00	2025-06-27 07:00:00
59	1	2025-06-26 07:00:00	2025-06-27 07:00:00
7	1	2025-06-26 07:00:00	2025-06-27 07:00:00
73	1	2025-06-26 07:00:00	2025-06-27 07:00:00
3	4	2025-06-26 07:00:00	2025-06-27 07:00:00
44	4	2025-06-26 07:00:00	2025-06-27 07:00:00
54	4	2025-06-26 07:00:00	2025-06-27 07:00:00
37	7	2025-06-26 07:00:00	2025-06-27 07:00:00
8	7	2025-06-26 07:00:00	2025-06-27 07:00:00
52	7	2025-06-26 07:00:00	2025-06-27 07:00:00
9	10	2025-06-26 07:00:00	2025-06-27 07:00:00
75	10	2025-06-26 07:00:00	2025-06-27 07:00:00
27	10	2025-06-26 07:00:00	2025-06-27 07:00:00
17	10	2025-06-26 07:00:00	2025-06-27 07:00:00
65	10	2025-06-26 07:00:00	2025-06-27 07:00:00
66	10	2025-06-26 07:00:00	2025-06-27 07:00:00
69	10	2025-06-26 07:00:00	2025-06-27 07:00:00
30	13	2025-06-26 07:00:00	2025-06-27 07:00:00
40	13	2025-06-26 07:00:00	2025-06-27 07:00:00
62	13	2025-06-26 07:00:00	2025-06-27 07:00:00
74	2	2025-06-27 07:00:00	2025-06-28 07:00:00
4	2	2025-06-27 07:00:00	2025-06-28 07:00:00
36	2	2025-06-27 07:00:00	2025-06-28 07:00:00
47	2	2025-06-27 07:00:00	2025-06-28 07:00:00
56	2	2025-06-27 07:00:00	2025-06-28 07:00:00
28	2	2025-06-27 07:00:00	2025-06-28 07:00:00
20	5	2025-06-27 07:00:00	2025-06-28 07:00:00
32	5	2025-06-27 07:00:00	2025-06-28 07:00:00
64	5	2025-06-27 07:00:00	2025-06-28 07:00:00
24	8	2025-06-27 07:00:00	2025-06-28 07:00:00
29	8	2025-06-27 07:00:00	2025-06-28 07:00:00
68	8	2025-06-27 07:00:00	2025-06-28 07:00:00
76	11	2025-06-27 07:00:00	2025-06-28 07:00:00
14	11	2025-06-27 07:00:00	2025-06-28 07:00:00
5	11	2025-06-27 07:00:00	2025-06-28 07:00:00
21	11	2025-06-27 07:00:00	2025-06-28 07:00:00
39	11	2025-06-27 07:00:00	2025-06-28 07:00:00
55	14	2025-06-27 07:00:00	2025-06-28 07:00:00
41	14	2025-06-27 07:00:00	2025-06-28 07:00:00
6	14	2025-06-27 07:00:00	2025-06-28 07:00:00
67	3	2025-06-28 07:00:00	2025-06-29 07:00:00
53	6	2025-06-28 07:00:00	2025-06-29 07:00:00
43	9	2025-06-28 07:00:00	2025-06-29 07:00:00
58	12	2025-06-28 07:00:00	2025-06-29 07:00:00
60	15	2025-06-28 07:00:00	2025-06-29 07:00:00
73	1	2025-06-29 07:00:00	2025-06-30 07:00:00
54	4	2025-06-29 07:00:00	2025-06-30 07:00:00
52	7	2025-06-29 07:00:00	2025-06-30 07:00:00
69	10	2025-06-29 07:00:00	2025-06-30 07:00:00
62	13	2025-06-29 07:00:00	2025-06-30 07:00:00
28	2	2025-06-30 07:00:00	2025-07-01 07:00:00
64	5	2025-06-30 07:00:00	2025-07-01 07:00:00
68	8	2025-06-30 07:00:00	2025-07-01 07:00:00
39	11	2025-06-30 07:00:00	2025-07-01 07:00:00
6	14	2025-06-30 07:00:00	2025-07-01 07:00:00
67	3	2025-07-01 07:00:00	2025-07-02 07:00:00
53	6	2025-07-01 07:00:00	2025-07-02 07:00:00
43	9	2025-07-01 07:00:00	2025-07-02 07:00:00
58	12	2025-07-01 07:00:00	2025-07-02 07:00:00
60	15	2025-07-01 07:00:00	2025-07-02 07:00:00
73	1	2025-07-02 07:00:00	2025-07-03 07:00:00
54	4	2025-07-02 07:00:00	2025-07-03 07:00:00
52	7	2025-07-02 07:00:00	2025-07-03 07:00:00
69	10	2025-07-02 07:00:00	2025-07-03 07:00:00
62	13	2025-07-02 07:00:00	2025-07-03 07:00:00
28	2	2025-07-03 07:00:00	2025-07-04 07:00:00
64	5	2025-07-03 07:00:00	2025-07-04 07:00:00
68	8	2025-07-03 07:00:00	2025-07-04 07:00:00
39	11	2025-07-03 07:00:00	2025-07-04 07:00:00
6	14	2025-07-03 07:00:00	2025-07-04 07:00:00
67	3	2025-07-04 07:00:00	2025-07-05 07:00:00
53	6	2025-07-04 07:00:00	2025-07-05 07:00:00
43	9	2025-07-04 07:00:00	2025-07-05 07:00:00
58	12	2025-07-04 07:00:00	2025-07-05 07:00:00
60	15	2025-07-04 07:00:00	2025-07-05 07:00:00
73	1	2025-07-05 07:00:00	2025-07-06 07:00:00
54	4	2025-07-05 07:00:00	2025-07-06 07:00:00
52	7	2025-07-05 07:00:00	2025-07-06 07:00:00
69	10	2025-07-05 07:00:00	2025-07-06 07:00:00
62	13	2025-07-05 07:00:00	2025-07-06 07:00:00
28	2	2025-07-06 07:00:00	2025-07-07 07:00:00
64	5	2025-07-06 07:00:00	2025-07-07 07:00:00
68	8	2025-07-06 07:00:00	2025-07-07 07:00:00
39	11	2025-07-06 07:00:00	2025-07-07 07:00:00
6	14	2025-07-06 07:00:00	2025-07-07 07:00:00
67	3	2025-07-07 07:00:00	2025-07-08 07:00:00
53	6	2025-07-07 07:00:00	2025-07-08 07:00:00
43	9	2025-07-07 07:00:00	2025-07-08 07:00:00
58	12	2025-07-07 07:00:00	2025-07-08 07:00:00
60	15	2025-07-07 07:00:00	2025-07-08 07:00:00
73	1	2025-07-08 07:00:00	2025-07-09 07:00:00
54	4	2025-07-08 07:00:00	2025-07-09 07:00:00
52	7	2025-07-08 07:00:00	2025-07-09 07:00:00
69	10	2025-07-08 07:00:00	2025-07-09 07:00:00
62	13	2025-07-08 07:00:00	2025-07-09 07:00:00
28	2	2025-07-09 07:00:00	2025-07-10 07:00:00
64	5	2025-07-09 07:00:00	2025-07-10 07:00:00
68	8	2025-07-09 07:00:00	2025-07-10 07:00:00
39	11	2025-07-09 07:00:00	2025-07-10 07:00:00
6	14	2025-07-09 07:00:00	2025-07-10 07:00:00
15	3	2025-07-10 07:00:00	2025-07-11 07:00:00
12	3	2025-07-10 07:00:00	2025-07-11 07:00:00
49	3	2025-07-10 07:00:00	2025-07-11 07:00:00
70	3	2025-07-10 07:00:00	2025-07-11 07:00:00
45	3	2025-07-10 07:00:00	2025-07-11 07:00:00
33	3	2025-07-10 07:00:00	2025-07-11 07:00:00
67	3	2025-07-10 07:00:00	2025-07-11 07:00:00
19	6	2025-07-10 07:00:00	2025-07-11 07:00:00
18	6	2025-07-10 07:00:00	2025-07-11 07:00:00
53	6	2025-07-10 07:00:00	2025-07-11 07:00:00
31	9	2025-07-10 07:00:00	2025-07-11 07:00:00
61	9	2025-07-10 07:00:00	2025-07-11 07:00:00
43	9	2025-07-10 07:00:00	2025-07-11 07:00:00
13	12	2025-07-10 07:00:00	2025-07-11 07:00:00
35	12	2025-07-10 07:00:00	2025-07-11 07:00:00
71	12	2025-07-10 07:00:00	2025-07-11 07:00:00
22	12	2025-07-10 07:00:00	2025-07-11 07:00:00
48	12	2025-07-10 07:00:00	2025-07-11 07:00:00
58	12	2025-07-10 07:00:00	2025-07-11 07:00:00
16	15	2025-07-10 07:00:00	2025-07-11 07:00:00
25	15	2025-07-10 07:00:00	2025-07-11 07:00:00
60	15	2025-07-10 07:00:00	2025-07-11 07:00:00
51	1	2025-07-11 07:00:00	2025-07-12 07:00:00
26	1	2025-07-11 07:00:00	2025-07-12 07:00:00
23	1	2025-07-11 07:00:00	2025-07-12 07:00:00
50	1	2025-07-11 07:00:00	2025-07-12 07:00:00
72	1	2025-07-11 07:00:00	2025-07-12 07:00:00
11	1	2025-07-11 07:00:00	2025-07-12 07:00:00
59	1	2025-07-11 07:00:00	2025-07-12 07:00:00
7	1	2025-07-11 07:00:00	2025-07-12 07:00:00
73	1	2025-07-11 07:00:00	2025-07-12 07:00:00
3	4	2025-07-11 07:00:00	2025-07-12 07:00:00
44	4	2025-07-11 07:00:00	2025-07-12 07:00:00
54	4	2025-07-11 07:00:00	2025-07-12 07:00:00
37	7	2025-07-11 07:00:00	2025-07-12 07:00:00
8	7	2025-07-11 07:00:00	2025-07-12 07:00:00
52	7	2025-07-11 07:00:00	2025-07-12 07:00:00
9	10	2025-07-11 07:00:00	2025-07-12 07:00:00
75	10	2025-07-11 07:00:00	2025-07-12 07:00:00
27	10	2025-07-11 07:00:00	2025-07-12 07:00:00
17	10	2025-07-11 07:00:00	2025-07-12 07:00:00
65	10	2025-07-11 07:00:00	2025-07-12 07:00:00
66	10	2025-07-11 07:00:00	2025-07-12 07:00:00
69	10	2025-07-11 07:00:00	2025-07-12 07:00:00
30	13	2025-07-11 07:00:00	2025-07-12 07:00:00
40	13	2025-07-11 07:00:00	2025-07-12 07:00:00
62	13	2025-07-11 07:00:00	2025-07-12 07:00:00
74	2	2025-07-12 07:00:00	2025-07-13 07:00:00
4	2	2025-07-12 07:00:00	2025-07-13 07:00:00
36	2	2025-07-12 07:00:00	2025-07-13 07:00:00
47	2	2025-07-12 07:00:00	2025-07-13 07:00:00
56	2	2025-07-12 07:00:00	2025-07-13 07:00:00
28	2	2025-07-12 07:00:00	2025-07-13 07:00:00
20	5	2025-07-12 07:00:00	2025-07-13 07:00:00
32	5	2025-07-12 07:00:00	2025-07-13 07:00:00
64	5	2025-07-12 07:00:00	2025-07-13 07:00:00
24	8	2025-07-12 07:00:00	2025-07-13 07:00:00
29	8	2025-07-12 07:00:00	2025-07-13 07:00:00
68	8	2025-07-12 07:00:00	2025-07-13 07:00:00
76	11	2025-07-12 07:00:00	2025-07-13 07:00:00
14	11	2025-07-12 07:00:00	2025-07-13 07:00:00
5	11	2025-07-12 07:00:00	2025-07-13 07:00:00
21	11	2025-07-12 07:00:00	2025-07-13 07:00:00
39	11	2025-07-12 07:00:00	2025-07-13 07:00:00
55	14	2025-07-12 07:00:00	2025-07-13 07:00:00
41	14	2025-07-12 07:00:00	2025-07-13 07:00:00
6	14	2025-07-12 07:00:00	2025-07-13 07:00:00
15	3	2025-07-13 07:00:00	2025-07-14 07:00:00
12	3	2025-07-13 07:00:00	2025-07-14 07:00:00
49	3	2025-07-13 07:00:00	2025-07-14 07:00:00
70	3	2025-07-13 07:00:00	2025-07-14 07:00:00
45	3	2025-07-13 07:00:00	2025-07-14 07:00:00
33	3	2025-07-13 07:00:00	2025-07-14 07:00:00
67	3	2025-07-13 07:00:00	2025-07-14 07:00:00
19	6	2025-07-13 07:00:00	2025-07-14 07:00:00
18	6	2025-07-13 07:00:00	2025-07-14 07:00:00
53	6	2025-07-13 07:00:00	2025-07-14 07:00:00
31	9	2025-07-13 07:00:00	2025-07-14 07:00:00
61	9	2025-07-13 07:00:00	2025-07-14 07:00:00
43	9	2025-07-13 07:00:00	2025-07-14 07:00:00
13	12	2025-07-13 07:00:00	2025-07-14 07:00:00
35	12	2025-07-13 07:00:00	2025-07-14 07:00:00
71	12	2025-07-13 07:00:00	2025-07-14 07:00:00
22	12	2025-07-13 07:00:00	2025-07-14 07:00:00
48	12	2025-07-13 07:00:00	2025-07-14 07:00:00
58	12	2025-07-13 07:00:00	2025-07-14 07:00:00
16	15	2025-07-13 07:00:00	2025-07-14 07:00:00
25	15	2025-07-13 07:00:00	2025-07-14 07:00:00
60	15	2025-07-13 07:00:00	2025-07-14 07:00:00
51	1	2025-07-14 07:00:00	2025-07-15 07:00:00
26	1	2025-07-14 07:00:00	2025-07-15 07:00:00
23	1	2025-07-14 07:00:00	2025-07-15 07:00:00
50	1	2025-07-14 07:00:00	2025-07-15 07:00:00
72	1	2025-07-14 07:00:00	2025-07-15 07:00:00
11	1	2025-07-14 07:00:00	2025-07-15 07:00:00
59	1	2025-07-14 07:00:00	2025-07-15 07:00:00
7	1	2025-07-14 07:00:00	2025-07-15 07:00:00
73	1	2025-07-14 07:00:00	2025-07-15 07:00:00
3	4	2025-07-14 07:00:00	2025-07-15 07:00:00
44	4	2025-07-14 07:00:00	2025-07-15 07:00:00
54	4	2025-07-14 07:00:00	2025-07-15 07:00:00
37	7	2025-07-14 07:00:00	2025-07-15 07:00:00
8	7	2025-07-14 07:00:00	2025-07-15 07:00:00
52	7	2025-07-14 07:00:00	2025-07-15 07:00:00
9	10	2025-07-14 07:00:00	2025-07-15 07:00:00
75	10	2025-07-14 07:00:00	2025-07-15 07:00:00
27	10	2025-07-14 07:00:00	2025-07-15 07:00:00
17	10	2025-07-14 07:00:00	2025-07-15 07:00:00
65	10	2025-07-14 07:00:00	2025-07-15 07:00:00
66	10	2025-07-14 07:00:00	2025-07-15 07:00:00
69	10	2025-07-14 07:00:00	2025-07-15 07:00:00
30	13	2025-07-14 07:00:00	2025-07-15 07:00:00
40	13	2025-07-14 07:00:00	2025-07-15 07:00:00
62	13	2025-07-14 07:00:00	2025-07-15 07:00:00
74	2	2025-07-15 07:00:00	2025-07-16 07:00:00
4	2	2025-07-15 07:00:00	2025-07-16 07:00:00
36	2	2025-07-15 07:00:00	2025-07-16 07:00:00
47	2	2025-07-15 07:00:00	2025-07-16 07:00:00
56	2	2025-07-15 07:00:00	2025-07-16 07:00:00
28	2	2025-07-15 07:00:00	2025-07-16 07:00:00
20	5	2025-07-15 07:00:00	2025-07-16 07:00:00
32	5	2025-07-15 07:00:00	2025-07-16 07:00:00
64	5	2025-07-15 07:00:00	2025-07-16 07:00:00
24	8	2025-07-15 07:00:00	2025-07-16 07:00:00
29	8	2025-07-15 07:00:00	2025-07-16 07:00:00
68	8	2025-07-15 07:00:00	2025-07-16 07:00:00
76	11	2025-07-15 07:00:00	2025-07-16 07:00:00
14	11	2025-07-15 07:00:00	2025-07-16 07:00:00
5	11	2025-07-15 07:00:00	2025-07-16 07:00:00
21	11	2025-07-15 07:00:00	2025-07-16 07:00:00
39	11	2025-07-15 07:00:00	2025-07-16 07:00:00
55	14	2025-07-15 07:00:00	2025-07-16 07:00:00
41	14	2025-07-15 07:00:00	2025-07-16 07:00:00
6	14	2025-07-15 07:00:00	2025-07-16 07:00:00
\.


--
-- Data for Name: incidents; Type: TABLE DATA; Schema: public; Owner: postgres
--

COPY public.incidents (incident_id, incident_type, station_id, dspch_notes, duration_hours, call_time, shift_id, enrt_time, arrival_time, completed_time, actions_taken, response_time) FROM stdin;
780	Other	7	Service Call - smell of gas	0.14	2025-07-14 22:27:16	485	2025-07-14 22:27:58	2025-07-14 22:33:11	2025-07-14 22:41:44	nothing found	5.92
778	Other	6	Service Call	0.02	2025-07-14 18:18:56	484	2025-07-14 18:19:31	2025-07-14 18:21:06	2025-07-14 18:22:35	service call	2.17
775	Alarm	6	Fire Alarm - zone 1	0.16	2025-07-14 12:38:25	484	2025-07-14 12:39:23	2025-07-14 12:42:57	2025-07-14 12:52:20	false alarm	4.53
464	Medical	4	Poss MCI	1.13	2025-06-11 23:36:00	313	\N	\N	\N	\N	\N
367	Alarm	3	Called in - burnt food on stove	0.43	2025-05-30 18:28:00	252	\N	\N	\N	\N	\N
200	Other	6	Service Call - tree fell on powerline	0.12	2025-05-06 09:05:00	134	\N	\N	\N	\N	\N
134	Medical	1	Lift Assist - non emergent, biohaz	0.55	2025-04-25 22:54:00	76	\N	\N	\N	\N	\N
149	Medical	3	Female fell 25 feet down slope	0.87	2025-04-27 00:12:00	87	\N	\N	\N	\N	\N
96	Alarm	6	Fire Alarm - General alarm, false	0.10	2025-04-22 12:05:00	64	\N	\N	\N	\N	\N
50	Fire	6	Structure Fire - Minor Fire in Laundry Room	0.50	2025-04-16 13:00:00	34	\N	\N	\N	\N	\N
297	Other	1	Service Call - Power pole fell over walkway	0.18	2025-05-19 04:33:00	196	\N	\N	\N	\N	\N
267	Fire	6	Vehicle Fire - near building	0.98	2025-05-14 17:37:00	174	\N	\N	\N	\N	\N
36	Other	4	Service Call - Smell of Natural Gas	0.28	2025-04-14 07:39:00	23	\N	\N	\N	\N	\N
215	Medical	6	Lift Assist - emergent	0.27	2025-05-08 18:33:00	144	\N	\N	\N	\N	\N
87	Alarm	1	Smoke Alarm - False Alarm	0.10	2025-04-20 22:53:00	51	\N	\N	\N	\N	\N
520	Other	3	Powerline down	0.10	2025-06-18 20:33:00	347	\N	\N	\N	\N	\N
301	Medical	1	Respiratory Distress - 1 transported	0.13	2025-05-19 22:00:00	196	\N	\N	\N	\N	\N
375	Alarm	6	Fire Alarm - Pull station, false alarm	0.12	2025-05-31 12:17:00	259	\N	\N	\N	\N	\N
364	Medical	7	PT found in truck unresponsive - 1 transported	0.70	2025-05-30 07:41:00	255	\N	\N	\N	\N	\N
145	Alarm	6	Fire Alarm - pull station, false	0.18	2025-04-26 19:05:00	84	\N	\N	\N	\N	\N
136	Other	6	CO Alarm - smell of gas inside residence	0.25	2025-04-26 09:30:00	84	\N	\N	\N	\N	\N
240	Alarm	1	Fire Alarm - false alarm	0.25	2025-05-11 18:36:00	156	\N	\N	\N	\N	\N
742	Medical	3	Lift Assist - non emergent	0.03	2025-07-10 13:25:39	462	2025-07-10 13:26:01	2025-07-10 13:34:57	2025-07-10 13:36:56	lift assist	9.3
283	Medical	3	MVA w tree - 1 transported	0.22	2025-05-16 23:21:00	182	\N	\N	\N	\N	\N
141	Medical	6	Lift Assist - cancelled en route	0.02	2025-04-26 13:39:00	84	\N	\N	\N	\N	\N
480	Other	6	Service call - Sprinkler	0.13	2025-06-13 12:23:00	324	\N	\N	\N	\N	\N
369	Other	7	Service Call - smell of natural gas	0.58	2025-05-30 21:11:00	255	\N	\N	\N	\N	\N
218	Alarm	1	Fire Alarm - general, false alarm	0.13	2025-05-09 15:47:00	146	\N	\N	\N	\N	\N
99	Medical	4	MVA - 2 vehicles, infant	0.23	2025-04-22 13:20:00	63	\N	\N	\N	\N	\N
597	Medical	6	MVA - Veh vs Ped - 1 transported	0.22	2025-06-25 23:56:00	384	\N	\N	\N	\N	\N
461	Alarm	6	Fire Alarm, general false alarm	0.18	2025-06-11 19:07:00	314	\N	\N	\N	\N	\N
365	Alarm	7	Fire Alarm - pull station, false alarm	0.17	2025-05-30 15:00:00	255	\N	\N	\N	\N	\N
366	Medical	6	Lift Assist - non emergent	0.30	2025-05-30 15:58:00	254	\N	\N	\N	\N	\N
539	Medical	6	MVA - 2 veh	0.67	2025-06-20 12:52:00	359	\N	\N	\N	\N	\N
545	Medical	7	Lift Assist - non emergent	0.32	2025-06-20 16:43:00	360	\N	\N	\N	\N	\N
546	Alarm	1	Smoke Alarm - general, false alarm	0.12	2025-06-20 18:18:00	356	\N	\N	\N	\N	\N
311	Alarm	6	Fire Alarm - commercial, false alarm	0.23	2025-05-21 01:57:00	209	\N	\N	\N	\N	\N
639	Other	1	Service Call - animal services needs to gain entry to manhole	0.12	2025-06-29 13:39:55	406	\N	\N	\N	\N	\N
23	Alarm	6	Smoke detector - False Alarm	0.17	2025-04-12 14:03:00	14	\N	\N	\N	\N	\N
194	Other	4	Service Call	0.22	2025-05-06 10:20:00	133	\N	\N	\N	\N	\N
137	Medical	1	Lift Assist - non emergent, biohaz	1.28	2025-04-26 11:40:00	81	\N	\N	\N	\N	\N
566	Medical	1	Respiratory Distress - 1 transported	0.40	2025-06-22 20:04:00	366	\N	\N	\N	\N	\N
198	Medical	6	Lift Assist - non emergent	0.43	2025-05-06 19:03:00	134	\N	\N	\N	\N	\N
295	Medical	6	Chest Pains - 1 transported	0.27	2025-05-18 20:11:00	194	\N	\N	\N	\N	\N
185	Alarm	7	Smoke Alarm - False alarm	0.07	2025-05-05 10:36:00	130	\N	\N	\N	\N	\N
221	Medical	1	Lift Assist - emergent	0.17	2025-05-09 18:36:00	146	\N	\N	\N	\N	\N
394	Fire	6	Grass Fire	0.42	2025-06-02 19:09:00	269	\N	\N	\N	\N	\N
300	Medical	6	Seizure w head trauma - 1 transported	0.37	2025-05-19 16:32:00	199	\N	\N	\N	\N	\N
191	Medical	1	Lift Assist - Non emergent	0.23	2025-05-06 02:55:00	131	\N	\N	\N	\N	\N
352	Other	4	Illegal Burning	0.28	2025-05-27 18:30:00	238	\N	\N	\N	\N	\N
416	Alarm	7	Fire Alarm - general, false alarm	0.22	2025-06-07 01:53:00	295	\N	\N	\N	\N	\N
64	Medical	6	MVA - 2 vehicle - AB deployment	0.28	2025-04-18 12:52:00	44	\N	\N	\N	\N	\N
517	Medical	1	Lift Assist - non emergent	0.13	2025-06-18 13:38:00	346	\N	\N	\N	\N	\N
427	Medical	1	MVA - 2 motorcycles, 2 transported	0.20	2025-06-07 23:02:00	291	\N	\N	\N	\N	\N
165	Alarm	6	Fire Alarm - General, false alarm	0.08	2025-04-28 15:52:00	94	\N	\N	\N	\N	\N
593	Medical	7	Head Trauma - 14ft fall	0.35	2025-06-25 14:12:00	385	\N	\N	\N	\N	\N
309	Medical	6	MCI - 1 transported	0.30	2025-05-20 20:24:00	204	\N	\N	\N	\N	\N
305	Medical	6	Heat Stroke - 1 transported	0.13	2025-05-20 12:48:00	204	\N	\N	\N	\N	\N
383	Medical	6	Lift Assist - non emergent	0.23	2025-06-01 16:26:00	264	\N	\N	\N	\N	\N
10	Alarm	3	Smoke detector activation - no fire	0.08	2025-04-11 15:49:00	7	\N	\N	\N	\N	\N
494	Medical	1	Respiratory Distress	0.33	2025-06-14 23:00:00	326	\N	\N	\N	\N	\N
2	Alarm	6	Sprinkler Alarm - False	0.23	2025-04-10 10:16:00	4	\N	\N	\N	\N	\N
668	Alarm	1	Fire Alarm - pull station, false alarm	0.08	2025-07-01 16:26:09	416	\N	\N	\N	\N	\N
468	Alarm	7	Fire Alarm - general, false alarm	0.17	2025-06-12 12:15:00	320	\N	\N	\N	\N	\N
631	Fire	4	Grass fire on WB ramp	0.08	2025-06-28 17:04:13	403	\N	\N	\N	\N	\N
782	Medical	6	Unresponsive female	0.23	2025-07-14 11:23:49	484	2025-07-15 11:23:49	2025-07-15 11:24:32	2025-07-15 11:45:15	1 transported	7.43
373	Other	6	Illegal Burning	0.17	2025-05-31 16:36:00	259	\N	\N	\N	\N	\N
47	Medical	1	MCI - 1 transported	0.18	2025-04-15 19:32:00	26	\N	\N	\N	\N	\N
69	Alarm	6	Illegal Burning	1.00	2025-04-18 14:22:00	44	\N	\N	\N	\N	\N
773	Alarm	6	Fire Alarm - general	0.02	2025-07-14 09:07:56	484	2025-07-14 09:09:01	2025-07-14 09:13:28	2025-07-14 09:14:35	false alarm	5.53
339	Other	1	Service Call - CO Alarm	0.23	2025-05-24 19:37:00	221	\N	\N	\N	\N	\N
490	Other	3	Powerline down	0.12	2025-06-14 18:01:00	327	\N	\N	\N	\N	\N
246	Alarm	4	Fire Alarm - phone charger popping and smoking	0.25	2025-05-12 22:21:00	163	\N	\N	\N	\N	\N
286	Alarm	6	Smoke Alarm - Caller stated smoke coming from vent from bbq smoker restaurant	0.23	2025-05-17 13:51:00	189	\N	\N	\N	\N	\N
272	Medical	3	Unconscious woman	0.15	2025-05-15 23:00:00	177	\N	\N	\N	\N	\N
753	Other	6	CO Alarm	0.28	2025-07-11 21:57:41	469	2025-07-11 21:58:22	2025-07-11 22:08:07	2025-07-11 22:24:49	false alarm	10.43
421	Medical	6	Lift Assist - non emergent	0.08	2025-06-07 12:54:00	294	\N	\N	\N	\N	\N
354	Other	4	Illegal Burning	0.07	2025-05-27 19:58:00	238	\N	\N	\N	\N	\N
229	Other	6	Illegal Burning	0.35	2025-05-10 16:15:00	154	\N	\N	\N	\N	\N
466	Medical	1	Overdose	0.15	2025-06-12 11:44:00	316	\N	\N	\N	\N	\N
361	Medical	1	Unresponsive female w/ 6 yo child	0.53	2025-05-29 09:39:00	246	\N	\N	\N	\N	\N
362	Medical	4	MVA - 2 vehicles, minor injuries	0.23	2025-05-29 12:17:00	248	\N	\N	\N	\N	\N
540	Medical	1	Chest Pains	0.45	2025-06-20 13:07:00	356	\N	\N	\N	\N	\N
83	Other	7	Illegal Burning	0.40	2025-04-20 08:51:00	55	\N	\N	\N	\N	\N
482	Alarm	6	Fire Alarm - general, false alarm	0.22	2025-06-13 15:14:00	324	\N	\N	\N	\N	\N
684	Other	6	CO Alarm	0.22	2025-07-03 08:20:06	429	\N	\N	\N	\N	\N
241	Medical	1	Chest pains - 1 transported	0.12	2025-05-11 21:15:00	156	\N	\N	\N	\N	\N
85	Medical	1	Lift Assist - Non Emergent	0.25	2025-04-20 11:31:00	51	\N	\N	\N	\N	\N
588	Other	1	Veh stuck in ditch	0.77	2025-06-24 16:49:00	376	\N	\N	\N	\N	\N
176	Medical	6	Assault - Child hit with bat from mother and unable to breathe	0.13	2025-05-02 07:26:00	114	\N	\N	\N	\N	\N
548	Alarm	3	Fire Alarm - general, false alarm	0.12	2025-06-21 06:04:00	362	\N	\N	\N	\N	\N
697	Fire	1	Trash can on fire at park	0.12	2025-07-04 16:25:21	431	\N	\N	\N	\N	\N
591	Alarm	1	Fire Alarm - general, false alarm	0.17	2025-06-24 21:37:00	376	\N	\N	\N	\N	\N
360	Alarm	6	Fire Alarm - general, false alarm	0.05	2025-05-28 21:28:00	244	\N	\N	\N	\N	\N
82	Medical	4	MVA - 2 vehicles, minor	0.23	2025-04-19 17:13:00	48	\N	\N	\N	\N	\N
355	Medical	6	Chest Pains	0.13	2025-05-27 22:16:00	239	\N	\N	\N	\N	\N
521	Other	1	Elevator entrapment	0.52	2025-06-19 04:56:00	351	\N	\N	\N	\N	\N
299	Medical	4	Lift Assist - emergent	0.10	2025-05-19 16:03:00	198	\N	\N	\N	\N	\N
131	Medical	1	MVA w Ped - 1 transported	0.15	2025-04-25 19:53:00	76	\N	\N	\N	\N	\N
479	Alarm	1	Fire Alarm - general, false alarm	0.20	2025-06-13 11:57:00	321	\N	\N	\N	\N	\N
719	Alarm	1	Fire Alarm - dryer smoking, false alarm	0.15	2025-07-06 21:48:54	441	\N	\N	\N	\N	\N
133	Alarm	4	Fire Alarm - Counter sprayed with bug spray, false alarm	0.25	2025-04-25 21:57:00	78	\N	\N	\N	\N	\N
498	Other	1	Powerline down	0.08	2025-06-15 12:54:00	331	\N	\N	\N	\N	\N
72	Alarm	7	Fire Alarm - Electric box smoking	0.77	2025-04-18 16:17:00	45	\N	\N	\N	\N	\N
86	Fire	6	Vehicle Fire - Semi-Truck with crane, fully involved	1.23	2025-04-20 15:46:00	54	\N	\N	\N	\N	\N
602	Medical	6	Adult Seizure	0.28	2025-06-26 19:06:00	389	\N	\N	\N	\N	\N
666	Other	7	More fluid has leaked, Pd requesting fire to come back	0.22	2025-07-01 16:10:32	420	\N	\N	\N	\N	\N
219	Medical	1	Lift Assist - non emergent	0.25	2025-05-09 17:57:00	146	\N	\N	\N	\N	\N
331	Other	4	Service Call	0.33	2025-05-23 12:13:00	218	\N	\N	\N	\N	\N
380	Alarm	4	Fire Alarm - pull station, false alarm	0.18	2025-06-01 04:47:00	263	\N	\N	\N	\N	\N
764	Medical	4	Male seizing in Aisle A21	0.13	2025-07-13 09:42:02	478	2025-07-13 09:42:42	2025-07-13 09:45:03	2025-07-13 09:53:01	1 transported	3.02
138	Medical	1	Lift Assist - non emergent	0.15	2025-04-26 12:45:00	81	\N	\N	\N	\N	\N
560	Alarm	6	Fire Alarm - general, false alarm	0.17	2025-06-22 09:11:00	369	\N	\N	\N	\N	\N
222	Alarm	6	Fire Alarm - general, false alarm	0.10	2025-05-09 21:39:00	149	\N	\N	\N	\N	\N
327	Medical	3	Gain Entry	1.95	2025-05-23 09:59:00	217	\N	\N	\N	\N	\N
293	Alarm	7	Smoke Alarm - cancelled en route	0.05	2025-05-18 11:47:00	195	\N	\N	\N	\N	\N
388	Fire	3	Structure Fire - Balcony set, Arson	0.50	2025-06-01 22:22:00	262	\N	\N	\N	\N	\N
160	Other	1	Illegal Burning - homeless camp	0.25	2025-04-28 10:40:00	91	\N	\N	\N	\N	\N
586	Medical	1	MVA - 2 veh, minor injuries	0.48	2025-06-24 09:51:00	376	\N	\N	\N	\N	\N
559	Alarm	6	Fire Alarm - general, false alarm	0.42	2025-06-22 04:13:00	369	\N	\N	\N	\N	\N
475	Alarm	3	Smoke Alarm - general, false alarm	0.18	2025-06-12 20:22:00	317	\N	\N	\N	\N	\N
487	Other	7	Powerline down	0.35	2025-06-14 16:18:00	330	\N	\N	\N	\N	\N
729	Other	1	Powerline down and veh drove over line and wrapped it around the axle	0.79	2025-07-08 14:25:14	451	2025-07-08 14:26:07	2025-07-08 14:29:39	2025-07-08 15:17:00	entergy notified, occupants released from veh after power cut off	3.53
403	Medical	7	Lift Assist - non emergent	0.27	2025-06-04 08:16:00	280	\N	\N	\N	\N	\N
501	Other	1	Service Call - water coming through ceiling	0.65	2025-06-15 22:02:00	331	\N	\N	\N	\N	\N
318	Other	3	Illegal Burning	0.22	2025-05-21 19:29:00	207	\N	\N	\N	\N	\N
770	Alarm	6	Water Flow	0.53	2025-07-14 03:50:35	484	2025-07-14 03:51:16	2025-07-14 03:57:00	2025-07-14 04:28:45	false alarm	6.42
765	Other	1	Powerline sparking	0.09	2025-07-13 10:36:43	476	2025-07-13 10:37:32	2025-07-13 10:43:20	2025-07-13 10:48:59	cleared area, notified Entergy	6.62
348	Alarm	3	Smoke Alarm - general, false alarm	0.13	2025-05-26 17:49:00	232	\N	\N	\N	\N	\N
9	Alarm	4	Fire Alarm - false alarm	0.08	2025-04-11 11:16:00	8	\N	\N	\N	\N	\N
79	Medical	6	MVA - 2 vehicles, 1 transported	0.26	2025-04-19 12:42:00	49	\N	\N	\N	\N	\N
118	Medical	1	Lift Assist - non emergent, biohaz	0.27	2025-04-24 17:47:00	71	\N	\N	\N	\N	\N
270	Alarm	7	Fire Alarm - residential, false alarm	0.08	2025-05-15 17:33:00	180	\N	\N	\N	\N	\N
761	Medical	6	Poss Heat Stroke	0.15	2025-07-12 16:47:46	474	2025-07-12 16:47:56	2025-07-12 16:50:34	2025-07-12 16:59:22	BLS	2.8
21	Fire	1	Vehicle Fire	0.50	2025-04-12 12:42:00	11	\N	\N	\N	\N	\N
470	Alarm	1	Smoke ALarm - general, false alarm	0.33	2025-06-12 15:24:00	316	\N	\N	\N	\N	\N
550	Other	6	Illegal Burning	0.22	2025-06-21 17:23:00	364	\N	\N	\N	\N	\N
686	Fire	4	Grass Fire - fire in woods behind the airport	0.55	2025-07-03 17:10:58	428	\N	\N	\N	\N	\N
491	Other	3	Powerline down	0.18	2025-06-14 18:07:00	327	\N	\N	\N	\N	\N
727	Other	6	Illegal Burning	0.20	2025-07-08 13:19:38	454	2025-07-08 13:19:45	2025-07-08 13:19:53	2025-07-08 13:31:47	extinguished fire	0.13
247	Alarm	1	Fire Alarm - general, false alarm	0.23	2025-05-12 23:40:00	161	\N	\N	\N	\N	\N
164	Alarm	6	Fire Alarm - false alarm	0.20	2025-04-28 15:33:00	94	\N	\N	\N	\N	\N
415	Medical	1	Lift Assist - non emergent	0.18	2025-06-06 11:49:00	286	\N	\N	\N	\N	\N
736	Medical	1	MVA - 2 veh	0.38	2025-07-09 13:08:12	456	2025-07-09 13:08:23	2025-07-09 13:11:41	2025-07-09 13:34:33	1 transported	3.48
280	Other	1	Illegal Burning	0.23	2025-05-16 21:39:00	181	\N	\N	\N	\N	\N
664	Fire	4	Vehicle Fire - out on arrival	0.28	2025-07-01 15:11:15	418	\N	\N	\N	\N	\N
433	Medical	3	Lift Assist - non emergent	0.25	2025-06-08 13:44:00	297	\N	\N	\N	\N	\N
762	Medical	4	MVA - 2 veh	0.57	2025-07-12 19:11:36	473	2025-07-12 19:13:28	2025-07-12 19:17:45	2025-07-12 19:52:01	5 transported	6.15
505	Medical	6	Lift Assist - non emergent	0.63	2025-06-16 21:47:00	339	\N	\N	\N	\N	\N
651	Alarm	6	Oven Fire - fire out on arrival	0.27	2025-06-30 11:53:56	414	\N	\N	\N	\N	\N
644	Medical	1	Chest Pains	0.20	2025-06-30 04:52:16	411	\N	\N	\N	\N	\N
216	Fire	1	Arson - Male subj set fire to tents at homeless camp	0.40	2025-05-08 22:22:00	141	\N	\N	\N	\N	\N
177	Fire	1	Transformer on Fire	0.13	2025-05-02 11:01:00	111	\N	\N	\N	\N	\N
759	Alarm	1	Cloud of smoke in area	0.06	2025-07-12 14:31:39	471	2025-07-12 14:32:53	2025-07-12 14:36:33	2025-07-12 14:40:15	false alarm, cooking fire in backyard	4.9
342	Alarm	6	Fire Alarm - Lightning strike, false alarm	0.32	2025-05-25 17:31:00	229	\N	\N	\N	\N	\N
397	Medical	6	Chest Pains	0.20	2025-06-03 05:47:00	274	\N	\N	\N	\N	\N
690	Alarm	4	Fire Alarm - general, false alarm	0.15	2025-07-03 18:50:06	428	\N	\N	\N	\N	\N
457	Medical	3	Poss MCI, PT AMA	0.12	2025-06-10 19:14:00	307	\N	\N	\N	\N	\N
26	Medical	1	Respiratory distress - 1 transported	0.40	2025-04-12 22:39:00	11	\N	\N	\N	\N	\N
630	Aircraft	4	Aircraft declared Mayday - aircraft landed safely	0.30	2025-06-28 12:05:40	403	\N	\N	\N	\N	\N
493	Medical	4	MVA - 2 veh	0.03	2025-06-14 22:01:00	328	\N	\N	\N	\N	\N
495	Alarm	6	Smoke Alarm - general, false alarm	0.13	2025-06-15 08:09:00	334	\N	\N	\N	\N	\N
302	Other	1	Service Call - Assist PD with removing a victim in a creek with 15ft drop	0.52	2025-05-20 00:57:00	201	\N	\N	\N	\N	\N
62	Alarm	6	Smoke Alarm - False alarm	0.13	2025-04-17 19:53:00	39	\N	\N	\N	\N	\N
61	Medical	1	Lift Assist - Non emergent	0.01	2025-04-17 19:11:00	36	\N	\N	\N	\N	\N
752	Fire	4	Vehicle Fire	0.89	2025-07-11 21:06:16	468	2025-07-11 21:07:01	2025-07-11 21:11:53	2025-07-11 22:05:30	fully involved, extinguished	5.62
749	Medical	1	Female in respiratory distress	0.06	2025-07-11 16:09:00	466	2025-07-11 16:09:42	2025-07-11 16:16:30	2025-07-11 16:19:52	1 transported	7.5
93	Medical	1	Chest pains - 1 transported	0.12	2025-04-22 09:27:00	61	\N	\N	\N	\N	\N
333	Medical	6	MCI - cpr in progress, 1 transported	0.72	2025-05-23 20:07:00	219	\N	\N	\N	\N	\N
51	Other	1	Power Line Sparking from Tree	0.18	2025-04-16 16:40:00	31	\N	\N	\N	\N	\N
7	Alarm	7	Fire Alarm - false alarm	0.23	2025-04-11 09:09:00	10	\N	\N	\N	\N	\N
596	Medical	6	Infant Seizure	0.18	2025-06-25 18:44:00	384	\N	\N	\N	\N	\N
743	Medical	4	MVA - 2 vehs	0.20	2025-07-10 17:49:12	463	2025-07-10 17:50:11	2025-07-10 17:55:34	2025-07-10 18:07:25	1 veh fled scene, minor injuries from 2nd veh	6.37
655	Alarm	6	Fire Alarm - general, false alarm	0.28	2025-06-30 16:42:01	414	\N	\N	\N	\N	\N
114	Medical	1	Lift Assist - non emergent, biohaz	0.27	2025-04-24 11:05:00	71	\N	\N	\N	\N	\N
88	Alarm	6	Fire Alarm - False Alarm	0.22	2025-04-21 11:18:00	59	\N	\N	\N	\N	\N
705	Medical	1	MVA - 2 veh, minor injuries	0.22	2025-07-05 11:27:16	436	\N	\N	\N	\N	\N
702	Fire	1	Trash can on fire	0.22	2025-07-04 23:51:18	431	\N	\N	\N	\N	\N
708	Medical	1	Poss Heat Stroke	0.25	2025-07-05 14:48:32	436	\N	\N	\N	\N	\N
315	Medical	4	Allergic Reaction while driving	0.10	2025-05-21 13:33:00	208	\N	\N	\N	\N	\N
338	Medical	7	Unresponsive Female - 1 transported	0.20	2025-05-24 18:39:00	225	\N	\N	\N	\N	\N
643	Alarm	6	Fire Alarm - pull station, false alarm	0.62	2025-06-30 01:52:58	414	\N	\N	\N	\N	\N
262	Alarm	4	Kitchen Fire - fire out before arrival	0.12	2025-05-14 09:11:00	173	\N	\N	\N	\N	\N
754	Other	3	Illegal burning	0.14	2025-07-11 23:52:27	467	2025-07-11 23:53:47	2025-07-11 23:58:59	2025-07-12 00:07:34	extinguished	6.53
192	Other	3	Illegal burning	0.08	2025-05-06 08:08:00	132	\N	\N	\N	\N	\N
561	Alarm	1	Smoke Alarm - general, false alarm	0.07	2025-06-22 12:07:00	366	\N	\N	\N	\N	\N
170	Alarm	3	Smoke showing - Dust from construction crew	0.10	2025-04-29 15:09:00	97	\N	\N	\N	\N	\N
13	Alarm	1	Heavy Smoke in the area - false alarm	0.25	2025-04-11 17:04:00	6	\N	\N	\N	\N	\N
623	Alarm	1	Poss structure fire, false alarm	0.23	2025-06-27 16:20:10	391	\N	\N	\N	\N	\N
370	Medical	3	Unresponsive female - transported	0.12	2025-05-31 04:03:00	257	\N	\N	\N	\N	\N
307	Medical	7	Lift Assist - non emergent	0.25	2025-05-20 15:25:00	205	\N	\N	\N	\N	\N
359	Medical	4	MVA - Rollover, vehicle upside-down, minor injuries	0.78	2025-05-28 22:32:00	243	\N	\N	\N	\N	\N
207	Medical	6	1 month old choking	0.18	2025-05-08 00:47:00	144	\N	\N	\N	\N	\N
683	Other	3	Service Call - fire alarm malfunction	0.17	2025-07-03 06:46:59	427	\N	\N	\N	\N	\N
379	Other	6	Service Call - Fluid clean up	0.33	2025-06-01 12:17:00	264	\N	\N	\N	\N	\N
610	Alarm	7	Fire Alarm - pull station, false alarm	0.12	2025-06-26 10:34:00	390	\N	\N	\N	\N	\N
345	Other	3	Power line fell over road	0.10	2025-05-26 10:15:00	232	\N	\N	\N	\N	\N
186	Alarm	6	Sprinkler Alarm - System Malfunction	0.35	2025-05-05 10:40:00	129	\N	\N	\N	\N	\N
120	Alarm	6	Water Flow alarm - false alarm	0.50	2025-04-24 22:18:00	74	\N	\N	\N	\N	\N
317	Medical	6	MVA - veh vs bicycle, 1 transported	0.34	2025-05-21 15:52:00	209	\N	\N	\N	\N	\N
485	Alarm	6	Fire Alarm - general, false alarm	0.18	2025-06-14 13:40:00	329	\N	\N	\N	\N	\N
100	Alarm	7	Smoke Alarm - False alarm	0.58	2025-04-22 18:52:00	65	\N	\N	\N	\N	\N
57	Medical	4	Respiratory Distress - LifeNet Extended	0.38	2025-04-17 10:06:00	38	\N	\N	\N	\N	\N
472	Medical	6	MVA - 2 vehicles, 1 transported	0.35	2025-06-12 16:43:00	319	\N	\N	\N	\N	\N
554	Other	6	Service Call - person laying on main highway without pants	0.15	2025-06-21 21:28:00	364	\N	\N	\N	\N	\N
579	Medical	7	PT choking	0.15	2025-06-23 20:04:00	375	\N	\N	\N	\N	\N
502	Other	6	Illegal Burning	0.25	2025-06-15 23:05:00	334	\N	\N	\N	\N	\N
499	Other	6	Service Call	0.35	2025-06-15 17:30:00	334	\N	\N	\N	\N	\N
284	Alarm	6	Fire Alarm - general, false alarm	0.30	2025-05-17 02:00:00	189	\N	\N	\N	\N	\N
739	Other	3	Fire Alarm - residential	0.21	2025-07-09 18:45:38	457	2025-07-09 18:46:40	2025-07-09 18:54:45	2025-07-09 19:07:23	false alarm	9.12
28	Medical	3	Respiratory distress - 82 yr old	0.01	2025-04-13 04:50:00	17	\N	\N	\N	\N	\N
31	Medical	4	MVA w injury - 3 vehicles and motorcycle	0.11	2025-04-13 19:04:00	18	\N	\N	\N	\N	\N
263	Other	7	Illegal Burning	0.20	2025-05-14 11:48:00	175	\N	\N	\N	\N	\N
772	Alarm	6	Fire Alarm - 5th floor activation	0.03	2025-07-14 07:41:05	484	2025-07-14 07:42:26	2025-07-14 07:49:12	2025-07-14 07:50:58	false alarm	8.12
419	Medical	1	Ambulance Assist	0.15	2025-06-07 09:45:00	291	\N	\N	\N	\N	\N
768	Alarm	4	Black smoke column in area	0.17	2025-07-13 16:14:44	478	2025-07-13 16:15:15	2025-07-13 16:17:53	2025-07-13 16:28:21	subj caught plastic bag on fire in burn pile, false alarm	3.15
688	Medical	6	Poss MCI in store	0.10	2025-07-03 18:12:43	429	\N	\N	\N	\N	\N
432	Alarm	6	Fire Alarm - general, false alarm	0.20	2025-06-08 13:39:00	299	\N	\N	\N	\N	\N
130	Medical	1	MVA vs Bicycle - 2 transported	0.08	2025-04-25 16:14:00	76	\N	\N	\N	\N	\N
351	Other	6	Illegal Burning	0.20	2025-05-27 15:41:00	239	\N	\N	\N	\N	\N
119	Medical	6	Lift Assist - emergent	0.17	2025-04-24 21:56:00	74	\N	\N	\N	\N	\N
60	Medical	6	MVA w Ped - Hit and run, ped transported	0.17	2025-04-17 18:54:00	39	\N	\N	\N	\N	\N
159	Alarm	1	Fire Alarm - General, false alarm	0.27	2025-04-28 09:58:00	91	\N	\N	\N	\N	\N
63	Alarm	6	Fire Alarm - General, False	0.23	2025-04-18 00:25:00	44	\N	\N	\N	\N	\N
173	Alarm	6	Smoke Alarm - power outage tripped alarm	0.10	2025-04-29 21:43:00	99	\N	\N	\N	\N	\N
652	Medical	6	Chest pains, pt now seizing - 1 transported	0.22	2025-06-30 13:16:18	414	\N	\N	\N	\N	\N
178	Other	4	Service Call - Fluid clean up from MVA	0.17	2025-05-02 16:49:00	113	\N	\N	\N	\N	\N
660	Other	1	Service Call	0.15	2025-07-01 10:39:49	416	\N	\N	\N	\N	\N
401	Medical	1	Unresponsive Female	0.10	2025-06-03 19:28:00	271	\N	\N	\N	\N	\N
641	Medical	1	Overdose	0.03	2025-06-29 20:41:13	406	\N	\N	\N	\N	\N
54	Fire	6	Grass Fire - Maintenance	0.12	2025-04-17 00:54:00	39	\N	\N	\N	\N	\N
16	Alarm	6	Pull station - false alarm	0.17	2025-04-11 22:39:00	9	\N	\N	\N	\N	\N
66	Medical	4	MVA w ped	0.35	2025-04-18 14:03:00	43	\N	\N	\N	\N	\N
453	Medical	7	Person trapped under lawnmower	0.45	2025-06-10 14:05:00	310	\N	\N	\N	\N	\N
606	Other	1	Smell of Natural Gas	0.25	2025-06-26 09:30:00	386	\N	\N	\N	\N	\N
515	Medical	4	Lift Assist - non emergent	0.03	2025-06-18 11:04:00	348	\N	\N	\N	\N	\N
654	Alarm	6	Fire Alarm - general, false alarm	0.17	2025-06-30 14:32:40	414	\N	\N	\N	\N	\N
632	Medical	6	MVA - 1 veh, 1 transported w head trauma	0.48	2025-06-28 19:48:58	404	\N	\N	\N	\N	\N
541	Other	7	CO Alarm	0.35	2025-06-20 13:13:00	360	\N	\N	\N	\N	\N
746	Medical	3	67 yo with chest pains, possible MCI	0.02	2025-07-11 09:44:20	467	2025-07-11 09:44:57	2025-07-11 09:49:50	2025-07-11 09:51:19	1 transpoted	5.5
745	Medical	1	Lift Assist - non emergent	0.16	2025-07-11 01:26:36	466	2025-07-11 01:27:30	2025-07-11 01:35:23	2025-07-11 01:45:15	lift assist	8.78
737	Medical	6	Lift Assist - non emergent	0.14	2025-07-09 15:05:51	459	2025-07-09 15:06:22	2025-07-09 15:14:45	2025-07-09 15:23:06	lift assist	8.9
722	Other	1	CO Alarm	0.47	2025-07-07 19:18:59	446	\N	\N	\N	\N	\N
372	Other	1	Rope Rescue - 6 trapped on roller coaster	1.57	2025-05-31 14:33:00	256	\N	\N	\N	\N	\N
264	Medical	6	MVA vs ped, veh struck building	0.33	2025-05-14 12:28:00	174	\N	\N	\N	\N	\N
374	Alarm	3	Stove Fire - Fire out on arrival	0.35	2025-05-31 17:57:00	257	\N	\N	\N	\N	\N
508	Other	6	CO Alarm	0.27	2025-06-17 11:07:00	344	\N	\N	\N	\N	\N
197	Other	6	Service Call - tree fell on powerline	0.12	2025-05-06 18:47:00	134	\N	\N	\N	\N	\N
356	Medical	4	MVA - Truck drove in to building, minor injuries	0.85	2025-05-28 12:24:00	243	\N	\N	\N	\N	\N
673	Medical	3	Respiratory Distress - 1 transported	0.50	2025-07-02 01:06:43	422	\N	\N	\N	\N	\N
196	Other	1	Baby Drop Box	0.06	2025-05-06 16:16:00	131	\N	\N	\N	\N	\N
648	Other	7	Storm drain smoking	0.92	2025-06-30 09:51:08	415	\N	\N	\N	\N	\N
725	Medical	6	Lift Assist - Non emergent	0.15	2025-07-08 08:27:05	454	2025-07-08 08:27:34	2025-07-08 08:34:22	2025-07-08 08:43:37	lift assist	6.8
41	Medical	3	CPR - DOA	0.13	2025-04-14 22:57:00	22	\N	\N	\N	\N	\N
417	Medical	6	LifeNet cancelled en route	0.08	2025-06-07 02:56:00	294	\N	\N	\N	\N	\N
95	Medical	6	Allergic Reaction - 1 YO	0.17	2025-04-22 11:09:00	64	\N	\N	\N	\N	\N
685	Medical	6	MVA - 2 veh, pt seizing, 1 transported	0.45	2025-07-03 13:14:47	429	\N	\N	\N	\N	\N
748	Alarm	6	Fire alarm, general	0.04	2025-07-11 16:03:41	469	2025-07-11 16:05:16	2025-07-11 16:12:18	2025-07-11 16:14:34	false alarm	8.62
455	Medical	1	Head Trauma, 1 transported	0.28	2025-06-10 15:47:00	306	\N	\N	\N	\N	\N
582	Medical	1	Lift Assist - non emergent	0.18	2025-06-23 22:54:00	371	\N	\N	\N	\N	\N
124	Medical	6	Respiratory Distress - Lifenet extended ETA	0.27	2025-04-25 08:40:00	79	\N	\N	\N	\N	\N
121	Alarm	6	Fire Alarm - False alarm	0.18	2025-04-25 00:35:00	79	\N	\N	\N	\N	\N
676	Medical	4	Lift Assist - emergent	0.20	2025-07-02 11:57:23	423	\N	\N	\N	\N	\N
756	Medical	1	Poss MCI	0.24	2025-07-12 07:57:10	471	2025-07-12 07:57:26	2025-07-12 08:02:36	2025-07-12 08:17:02	1 transported	5.43
751	Medical	1	Lift Assist - non emergent	0.14	2025-07-11 20:17:28	466	2025-07-11 20:18:01	2025-07-11 20:23:24	2025-07-11 20:32:02	lift assist	5.93
406	Medical	1	Unresponsive Male	0.18	2025-06-04 13:36:00	276	\N	\N	\N	\N	\N
45	Other	1	Illegal Burning	0.38	2025-04-15 14:50:00	26	\N	\N	\N	\N	\N
650	Other	6	Large commercial burn in Fire District 1 - Illegal burn	0.43	2025-06-30 11:23:16	414	\N	\N	\N	\N	\N
413	Medical	1	Gain Entry	0.17	2025-06-06 21:05:00	286	\N	\N	\N	\N	\N
634	Alarm	4	Poss Structure Fire, Smoke seen from passerby - false alarm	0.17	2025-06-28 20:24:22	403	\N	\N	\N	\N	\N
647	Alarm	6	Fire Alarm - pull station, false alarm	0.12	2025-06-30 01:52:58	414	\N	\N	\N	\N	\N
70	Medical	1	MVA - Rollover w Fatality	0.72	2025-04-18 14:38:00	41	\N	\N	\N	\N	\N
590	Medical	1	Chest Pains	0.33	2025-06-24 19:17:00	376	\N	\N	\N	\N	\N
418	Alarm	1	Smell of electrical burning, false alarm	1.50	2025-06-07 09:13:00	291	\N	\N	\N	\N	\N
188	Alarm	6	Sprinkler Alarm - System Malfunction	0.12	2025-05-05 11:45:00	129	\N	\N	\N	\N	\N
235	Medical	7	Unresponsive female	0.58	2025-05-11 06:32:00	160	\N	\N	\N	\N	\N
473	Other	1	Illegal Burning	0.25	2025-06-12 19:31:00	316	\N	\N	\N	\N	\N
712	Medical	1	pt unresponsive on floor	0.23	2025-07-05 21:04:12	436	\N	\N	\N	\N	\N
710	Alarm	1	caller locked self outside of home with pot on the stove, alarm going off - fire contained, no damage	0.30	2025-07-05 17:14:23	436	\N	\N	\N	\N	\N
552	Alarm	4	Fire Alarm - general, false alarm	0.08	2025-06-21 18:28:00	363	\N	\N	\N	\N	\N
142	Alarm	4	Smoke Alarm - false	0.10	2025-04-26 14:46:00	83	\N	\N	\N	\N	\N
509	Fire	1	Structure Fire - Powerline landed on house and ignited attic space	1.38	2025-06-17 12:51:00	341	\N	\N	\N	\N	\N
150	Medical	3	Overdose - Fentanyl, narcan, AMA	0.15	2025-04-27 03:46:00	87	\N	\N	\N	\N	\N
353	Medical	4	Possible Stroke - 1 transported	0.12	2025-05-27 19:44:00	238	\N	\N	\N	\N	\N
400	Medical	4	MVA - 2 vehicles, minor injuries	0.80	2025-06-03 16:06:00	273	\N	\N	\N	\N	\N
390	Medical	6	Lift Assist - non emergent	0.43	2025-06-02 01:16:00	269	\N	\N	\N	\N	\N
168	Medical	3	MCI - cpr in progress	0.20	2025-04-29 07:55:00	97	\N	\N	\N	\N	\N
330	Medical	1	MVA - 2 vehicles, minor injuries	0.62	2025-05-23 12:02:00	216	\N	\N	\N	\N	\N
604	Medical	3	Lift Assist - non emergent	0.27	2025-06-26 20:49:00	387	\N	\N	\N	\N	\N
628	Medical	1	Lift Assist - non emergent	0.50	2025-06-28 01:02:54	401	\N	\N	\N	\N	\N
744	Medical	1	82 y/o fall victim	0.31	2025-07-10 21:44:59	461	2025-07-10 21:45:58	2025-07-10 21:52:21	2025-07-10 22:10:50	Gain entry, lift assist	7.37
456	Medical	4	MVA - 1 vehicle, 1 transported	0.72	2025-06-10 17:14:00	308	\N	\N	\N	\N	\N
732	Other	1	Gas leaking from car	0.62	2025-07-08 21:27:46	451	2025-07-08 21:28:18	2025-07-08 21:33:19	2025-07-08 22:10:17	Investigated and found antifreeze	5.55
234	Medical	6	MVA - rollover, vehicle struck off ramp sand barrels	0.45	2025-05-11 01:03:00	159	\N	\N	\N	\N	\N
106	Alarm	1	Smoke Alarm - False Alarm	0.32	2025-04-23 14:11:00	66	\N	\N	\N	\N	\N
320	Medical	1	Lift Assist - non emergent	0.43	2025-05-22 00:31:00	211	\N	\N	\N	\N	\N
179	Fire	4	Dumpster Fire	0.27	2025-05-03 21:50:00	118	\N	\N	\N	\N	\N
681	Medical	3	Lift Assist - non emergent	0.25	2025-07-03 01:15:57	427	\N	\N	\N	\N	\N
774	Fire	1	Trash fire - burn barrel next to building	0.07	2025-07-14 11:47:38	481	2025-07-14 11:48:03	2025-07-14 11:52:36	2025-07-14 11:56:40	extinguished	4.97
325	Other	7	Service Call - Smell of Natural Gas	0.20	2025-05-23 03:07:00	220	\N	\N	\N	\N	\N
767	Medical	1	Lift Assist - non emergent	0.16	2025-07-13 14:04:37	476	2025-07-13 14:05:28	2025-07-13 14:07:16	2025-07-13 14:17:00	lift assist	2.65
763	Other	1	Fluid Clean up	0.24	2025-07-12 20:36:55	471	2025-07-12 20:37:34	2025-07-12 20:43:58	2025-07-12 20:58:09	applied absorbent	7.05
678	Medical	1	Lift Assist - emergent	0.62	2025-07-02 16:19:13	421	\N	\N	\N	\N	\N
399	Alarm	1	Fire Alarm - general, false alarm	0.08	2025-06-03 15:06:00	271	\N	\N	\N	\N	\N
285	Other	7	Service Call - smell of natural gas	0.48	2025-05-17 07:23:00	190	\N	\N	\N	\N	\N
626	Other	4	Transformer blew up	0.50	2025-06-27 19:50:57	393	\N	\N	\N	\N	\N
555	Alarm	7	Fire Alarm - general, false alarm	0.45	2025-06-21 21:32:00	365	\N	\N	\N	\N	\N
125	Medical	7	Lift Assist - emergent	0.17	2025-04-25 09:02:00	80	\N	\N	\N	\N	\N
52	Other	7	Illegal Burning	0.28	2025-04-16 18:34:00	35	\N	\N	\N	\N	\N
343	Medical	1	MVA - 2 vehicles, 1 transported	0.42	2025-05-25 17:51:00	226	\N	\N	\N	\N	\N
266	Fire	1	Vehicle Fire - fully involved	0.73	2025-05-14 17:25:00	171	\N	\N	\N	\N	\N
122	Alarm	7	CO Alarm - False alarm	0.17	2025-04-25 02:26:00	80	\N	\N	\N	\N	\N
426	Other	1	Service Call - Powerline smoking	0.20	2025-06-07 22:46:00	291	\N	\N	\N	\N	\N
625	Alarm	7	Fire Alarm - general, false alarm	0.10	2025-06-27 19:33:03	395	\N	\N	\N	\N	\N
638	Other	1	Powerline down, blocking road	0.97	2025-06-29 02:31:22	406	\N	\N	\N	\N	\N
205	Alarm	6	Fire Alarm - General, false	0.12	2025-05-07 23:38:00	139	\N	\N	\N	\N	\N
553	Medical	3	MVA - MC vs retainer wall, 1 transported	0.28	2025-06-21 18:31:00	362	\N	\N	\N	\N	\N
260	Medical	3	Respiratory Distress	0.33	2025-05-14 05:15:00	172	\N	\N	\N	\N	\N
646	Other	1	Service Call	0.17	2025-06-30 08:43:07	411	\N	\N	\N	\N	\N
236	Medical	1	Unresponsive female	0.50	2025-05-11 09:00:00	156	\N	\N	\N	\N	\N
368	Medical	6	Head Trauma from fall - major bleeding	0.08	2025-05-30 19:15:00	254	\N	\N	\N	\N	\N
184	Alarm	1	False Alarm - Cooking w Smoker	0.08	2025-05-05 09:05:00	126	\N	\N	\N	\N	\N
627	Medical	7	Lift Assist - non emergent	0.18	2025-06-27 21:35:46	395	\N	\N	\N	\N	\N
423	Medical	1	Seizure	0.13	2025-06-07 16:02:00	291	\N	\N	\N	\N	\N
155	Medical	1	Lift Assist - non emergent	0.25	2025-04-27 14:11:00	86	\N	\N	\N	\N	\N
687	Alarm	6	Fire Alarm - general, false alarm	0.18	2025-07-03 17:16:52	429	\N	\N	\N	\N	\N
543	Alarm	6	Fire Alarm - general, false alarm	0.23	2025-06-20 13:41:00	359	\N	\N	\N	\N	\N
395	Other	1	CO Alarm	0.27	2025-06-02 22:00:00	266	\N	\N	\N	\N	\N
127	Medical	1	MVA w Ped - 1 transported	0.17	2025-04-25 10:34:00	76	\N	\N	\N	\N	\N
227	Medical	6	Diabetic coma - low blood sugar	0.32	2025-05-10 04:57:00	154	\N	\N	\N	\N	\N
30	Fire	4	Stove Fire - Smoking	0.11	2025-04-13 18:10:00	18	\N	\N	\N	\N	\N
730	Alarm	7	Fire alarm - saw flame in ceiling fan	0.26	2025-07-08 14:28:53	455	2025-07-08 14:29:51	2025-07-08 14:31:32	2025-07-08 14:46:53	checked fan for fire - nothing found	1.68
467	Alarm	7	Fire Alarm - general, false alarm	0.15	2025-06-12 12:11:00	320	\N	\N	\N	\N	\N
232	Medical	6	MVA - 3 vehicle, minor injuries	0.37	2025-05-10 21:39:00	154	\N	\N	\N	\N	\N
624	Other	7	Gas line struck by contruction workers	0.58	2025-06-27 18:01:34	395	\N	\N	\N	\N	\N
245	Alarm	1	Fire Alarm - general, false alarm	0.22	2025-05-12 19:37:00	161	\N	\N	\N	\N	\N
657	Medical	6	Poss Stroke	0.23	2025-06-30 20:17:00	414	\N	\N	\N	\N	\N
56	Medical	7	MCI - 1 transported	0.80	2025-04-17 07:31:00	40	\N	\N	\N	\N	\N
496	Alarm	1	Fire Alarm - general, false alarm	0.20	2025-06-15 08:17:00	331	\N	\N	\N	\N	\N
35	Medical	1	Non Emergent Lift Assist	0.52	2025-04-14 02:11:00	21	\N	\N	\N	\N	\N
757	Other	1	Illegal Burning	0.13	2025-07-12 08:38:05	471	2025-07-12 08:38:50	2025-07-12 08:42:50	2025-07-12 08:50:32	extinguished	4.75
382	Other	3	Service Call - fire alarm reset	1.00	2025-06-01 09:48:00	262	\N	\N	\N	\N	\N
289	Medical	6	MVA - 2 vehicles	0.22	2025-05-17 20:07:00	189	\N	\N	\N	\N	\N
581	Alarm	6	Fire Alarm - general, false alarm	0.12	2025-06-23 22:13:00	374	\N	\N	\N	\N	\N
609	Alarm	7	Fire Alarm - powersurge from lines down, false alarm	0.02	2025-06-26 10:14:00	390	\N	\N	\N	\N	\N
53	Other	1	Power Line on Fence - House Entrapment	0.35	2025-04-16 21:19:00	31	\N	\N	\N	\N	\N
741	Other	4	Fluid clean up	0.39	2025-07-10 09:44:56	463	2025-07-10 09:45:13	2025-07-10 09:51:50	2025-07-10 10:15:00	applied absorbent	6.9
717	Medical	1	Hiker lost on trail and having chest pain - pt rescue and transport	0.42	2025-07-06 15:08:37	441	\N	\N	\N	\N	\N
723	Other	6	smell of gas	0.06	2025-07-07 22:21:31	449	2025-07-07 22:22:28	2025-07-07 22:31:50	2025-07-07 22:35:26	checked residence for gas leaks with multirae, nothing found, advised to call Summit utilities	\N
636	Medical	6	Overdose - cancelled en route	0.01	2025-06-29 00:49:50	409	\N	\N	\N	\N	\N
89	Other	6	Standby for torches on outriggers	1.57	2025-04-21 14:52:00	59	\N	\N	\N	\N	\N
253	Medical	6	Possible Stroke	0.12	2025-05-13 16:49:00	169	\N	\N	\N	\N	\N
601	Other	7	Fluid Clean-up	0.68	2025-06-26 14:35:00	390	\N	\N	\N	\N	\N
123	Medical	1	Chest Pains - LifeNet extended ETA	0.37	2025-04-25 07:42:00	76	\N	\N	\N	\N	\N
640	Medical	7	MVA - 2 veh, driver fled scene, 1 transported	0.37	2025-06-29 17:18:47	410	\N	\N	\N	\N	\N
174	Medical	6	Lift Assist - non emergent	0.18	2025-05-01 04:31:00	109	\N	\N	\N	\N	\N
653	Medical	6	MVA - 2 veh, minor injuries	0.50	2025-06-30 13:39:48	414	\N	\N	\N	\N	\N
81	Medical	7	Lift Assist - Non Emergent	0.30	2025-04-19 15:08:00	50	\N	\N	\N	\N	\N
629	Alarm	1	Fire Alarm - general, false alarm	0.90	2025-06-28 02:46:57	401	\N	\N	\N	\N	\N
154	Other	1	Illegal burning	0.48	2025-04-27 13:12:00	86	\N	\N	\N	\N	\N
126	Medical	6	MCI - CPR in progress	0.73	2025-04-25 09:48:00	79	\N	\N	\N	\N	\N
511	Medical	6	MCI - 1 transported	0.23	2025-06-17 16:27:00	344	\N	\N	\N	\N	\N
91	Alarm	4	Fire Alarm - False Alarm	0.22	2025-04-21 18:23:00	58	\N	\N	\N	\N	\N
104	Medical	1	Lift Assist - Emergent, biohaz	0.58	2025-04-23 11:28:00	66	\N	\N	\N	\N	\N
694	Alarm	6	Fire Alarm - general, false alarm	0.17	2025-07-03 23:39:41	429	\N	\N	\N	\N	\N
691	Medical	1	MVA - 2 veh, 1 transported	0.33	2025-07-03 19:28:12	426	\N	\N	\N	\N	\N
675	Medical	4	MVA - veh vs mc, minor injuries	0.20	2025-07-02 11:56:29	423	\N	\N	\N	\N	\N
671	Medical	7	Lift Assist - emergent	0.22	2025-07-01 23:17:09	420	\N	\N	\N	\N	\N
429	Medical	6	Lift Assist - non emergent	0.57	2025-06-08 02:18:00	299	\N	\N	\N	\N	\N
256	Other	4	CO Alarm - smell of gas	0.12	2025-05-13 21:42:00	168	\N	\N	\N	\N	\N
599	Medical	1	Lift Assist - emergent	0.73	2025-06-26 09:31:00	386	\N	\N	\N	\N	\N
111	Medical	1	Lift Assist - non emergent, biohaz	0.27	2025-04-23 22:14:00	66	\N	\N	\N	\N	\N
292	Alarm	6	Fire Alarm - heat, false alarm	0.18	2025-05-18 11:14:00	194	\N	\N	\N	\N	\N
312	Alarm	1	Fire Alarm - general, false alarm	0.40	2025-05-21 04:04:00	206	\N	\N	\N	\N	\N
313	Medical	4	MVA - 2 vehicles, 1 head trauma	0.53	2025-05-21 09:29:00	208	\N	\N	\N	\N	\N
332	Other	4	Service Call - vehicle in lake, no injuries	1.38	2025-05-23 19:05:00	218	\N	\N	\N	\N	\N
117	Other	3	Illegal Burning	0.22	2025-04-24 15:23:00	72	\N	\N	\N	\N	\N
522	Medical	4	MVA - 2 veh	0.30	2025-06-19 09:06:00	353	\N	\N	\N	\N	\N
525	Other	3	Tree fell on powerlines	2.20	2025-06-19 11:57:00	352	\N	\N	\N	\N	\N
481	Medical	1	Lift Assist - non emegent	0.30	2025-06-13 13:24:00	321	\N	\N	\N	\N	\N
537	Alarm	6	Fire Alarm - general, false alarm	0.20	2025-06-20 10:04:00	359	\N	\N	\N	\N	\N
316	Medical	6	MVA - 2 vehicles, minor injuries	0.33	2025-05-21 14:46:00	209	\N	\N	\N	\N	\N
78	Alarm	6	Fire Alarm - water flow	0.17	2025-04-19 10:57:00	49	\N	\N	\N	\N	\N
167	Medical	7	Lift Assist - non emergent	0.20	2025-04-28 17:23:00	95	\N	\N	\N	\N	\N
776	Alarm	6	Smoke Alarm - zone 12	0.01	2025-07-14 15:10:55	484	2025-07-14 15:11:47	2025-07-14 15:18:24	2025-07-14 15:19:05	false alarm	7.48
84	Alarm	3	Fire Alarm - false alarm	0.22	2025-04-20 10:36:00	52	\N	\N	\N	\N	\N
402	Medical	1	Lift Assist - non emergent	0.23	2025-06-03 23:57:00	271	\N	\N	\N	\N	\N
769	Alarm	6	Fire Alarm - general	0.13	2025-07-13 23:22:12	479	2025-07-13 23:22:48	2025-07-13 23:30:24	2025-07-13 23:37:56	call back cancel, false alarm	8.2
214	Alarm	1	Fire Alarm - General, false	0.08	2025-05-08 18:12:00	141	\N	\N	\N	\N	\N
73	Medical	1	MVA - 2 vehicle	0.25	2025-04-18 17:00:00	41	\N	\N	\N	\N	\N
404	Alarm	6	Smoke Alarm - residential, false alarm	0.10	2025-06-04 09:52:00	279	\N	\N	\N	\N	\N
139	Medical	1	Lift Assist - non emergent, coroner req	0.52	2025-04-26 13:07:00	81	\N	\N	\N	\N	\N
424	Medical	1	Baby crying...	0.05	2025-06-07 19:22:00	291	\N	\N	\N	\N	\N
392	Medical	1	MVA - veh vs bicycle, 1 transported	0.35	2025-06-02 10:20:00	266	\N	\N	\N	\N	\N
384	Medical	3	Seizure	0.25	2025-06-01 16:55:00	262	\N	\N	\N	\N	\N
439	Medical	6	Lift Assist - non emergent	0.18	2025-06-09 08:46:00	304	\N	\N	\N	\N	\N
220	Alarm	1	Fire Alarm - general, false alarm	0.43	2025-05-09 18:08:00	146	\N	\N	\N	\N	\N
371	Alarm	4	Stove Fire - fire out on arrival	0.13	2025-05-31 07:26:00	258	\N	\N	\N	\N	\N
102	Medical	4	Lift Assist - non emergent	0.13	2025-04-23 09:52:00	68	\N	\N	\N	\N	\N
298	Fire	4	Structure Fire - Walmart, extinguished by sprinkler - ems for 1 employee	1.23	2025-05-19 09:09:00	198	\N	\N	\N	\N	\N
8	Medical	1	Wrists cut - 1 transported	0.22	2025-04-11 09:28:00	6	\N	\N	\N	\N	\N
669	Medical	1	Lift Assist - non emergent	0.07	2025-07-01 19:15:03	416	\N	\N	\N	\N	\N
334	Medical	1	MCI - cpr in progress, 1 transported	0.47	2025-05-23 20:40:00	216	\N	\N	\N	\N	\N
679	Medical	1	MVA - 1 veh, 1 transported	0.47	2025-07-02 18:39:30	421	\N	\N	\N	\N	\N
251	Other	4	Service Call	0.18	2025-05-13 14:30:00	168	\N	\N	\N	\N	\N
608	Other	1	Service Call - Semi drove through powerlines, multiple lines down	1.20	2025-06-26 10:12:00	386	\N	\N	\N	\N	\N
287	Alarm	6	Fire Alarm - general, false alarm	0.32	2025-05-17 14:28:00	189	\N	\N	\N	\N	\N
492	Other	1	Powerline down	0.48	2025-06-14 21:05:00	326	\N	\N	\N	\N	\N
90	Alarm	1	Fire Alarm - False Alarm	0.17	2025-04-21 18:14:00	56	\N	\N	\N	\N	\N
583	Medical	1	Chest Pains	0.05	2025-06-23 23:06:00	371	\N	\N	\N	\N	\N
733	Alarm	3	Fire Alarm, zone 1	0.17	2025-07-09 08:12:16	457	2025-07-09 08:13:14	2025-07-09 08:16:16	2025-07-09 08:26:27	false alarm	4.0
428	Medical	1	2 male subjects fighter, head trauma	0.20	2025-06-08 01:54:00	296	\N	\N	\N	\N	\N
59	Alarm	7	Fire Alarm - General, False	0.15	2025-04-17 17:53:00	40	\N	\N	\N	\N	\N
146	Medical	3	Chest Pains	0.23	2025-04-26 19:42:00	82	\N	\N	\N	\N	\N
377	Other	1	Service Call - powerline over roadway	0.40	2025-05-31 22:30:00	256	\N	\N	\N	\N	\N
497	Other	1	Service Call	1.12	2025-06-15 11:47:00	331	\N	\N	\N	\N	\N
451	Medical	6	MVA - veh vs. building	0.38	2025-06-10 12:02:00	309	\N	\N	\N	\N	\N
105	Other	6	Gas Leak - Oven	0.22	2025-04-23 13:30:00	69	\N	\N	\N	\N	\N
157	Alarm	6	Vehicle Fire - engine overheating, false	0.07	2025-04-28 07:18:00	94	\N	\N	\N	\N	\N
5	Medical	1	Overdose - 1 transported	0.09	2025-04-10 17:00:00	1	\N	\N	\N	\N	\N
4	Alarm	3	Trash Fire - unauthorized	0.07	2025-04-10 15:00:00	2	\N	\N	\N	\N	\N
358	Medical	1	MVA - 1 vehicle hit ditch	0.20	2025-05-28 18:41:00	241	\N	\N	\N	\N	\N
187	Other	1	Service Call - Help W/F get out of creek	0.07	2025-05-05 10:55:00	126	\N	\N	\N	\N	\N
538	Medical	3	Lift Assist - non emergent	0.33	2025-06-20 10:05:00	357	\N	\N	\N	\N	\N
43	Alarm	6	Grass Fire - Maintenance	0.10	2025-04-15 13:50:00	29	\N	\N	\N	\N	\N
544	Alarm	6	Fire Alarm - general, false alarm	0.05	2025-06-20 16:38:00	359	\N	\N	\N	\N	\N
261	Medical	1	Lift Assist - emergent	0.43	2025-05-14 05:58:00	171	\N	\N	\N	\N	\N
33	Other	6	Service call - Fluid clean up	0.28	2025-04-13 21:50:00	19	\N	\N	\N	\N	\N
728	Fire	4	Vehicle Fire	0.24	2025-07-08 13:44:02	453	2025-07-08 13:45:01	2025-07-08 13:48:55	2025-07-08 14:03:18	fire out on arrival	3.9
336	Medical	6	Drowning victim - intoxicated male in lake	0.73	2025-05-24 01:15:00	224	\N	\N	\N	\N	\N
94	Other	6	Service Call - Smoke alarm chirping	0.28	2025-04-22 09:31:00	64	\N	\N	\N	\N	\N
321	Other	4	Service Call	0.47	2025-05-22 12:48:00	213	\N	\N	\N	\N	\N
766	Alarm	3	Smoke Alarm - residential	0.02	2025-07-13 11:36:39	477	2025-07-13 11:37:16	2025-07-13 11:39:29	2025-07-13 11:40:37	call back cancel, confirmed	2.83
389	Medical	6	Chest Pains	0.13	2025-06-02 01:02:00	269	\N	\N	\N	\N	\N
65	Medical	6	MVA - 3 vehicle	0.43	2025-04-18 13:05:00	44	\N	\N	\N	\N	\N
34	Alarm	7	Fire Alarm - False Alarm	0.08	2025-04-13 21:59:00	20	\N	\N	\N	\N	\N
434	Other	1	Service Call - Fluid Clean-up	0.20	2025-06-08 15:05:00	296	\N	\N	\N	\N	\N
460	Medical	1	Gain Entry	0.05	2025-06-11 04:27:00	311	\N	\N	\N	\N	\N
523	Alarm	6	Fire Alarm - general, false alarm	0.10	2025-06-19 10:21:00	354	\N	\N	\N	\N	\N
731	Alarm	6	Smoke Alarm, general	0.07	2025-07-08 19:34:33	454	2025-07-08 19:35:46	2025-07-08 19:40:44	2025-07-08 19:44:51	false alarm	4.97
387	Medical	6	Gain entry	0.33	2025-06-01 21:22:00	264	\N	\N	\N	\N	\N
27	Other	1	Service Call - Fluid clean up	0.04	2025-04-13 01:00:00	16	\N	\N	\N	\N	\N
201	Alarm	1	Fire Alarm - General, false	0.10	2025-05-06 23:20:00	131	\N	\N	\N	\N	\N
193	Alarm	6	Fire Alarm - general, false alarm	0.12	2025-05-06 08:59:00	134	\N	\N	\N	\N	\N
101	Other	1	Illegal Burning	0.04	2025-04-23 02:50:00	66	\N	\N	\N	\N	\N
77	Medical	7	Lift Assist - Emergent	0.32	2025-04-19 08:52:00	50	\N	\N	\N	\N	\N
656	Other	1	Illegal burning	0.20	2025-06-30 18:06:40	411	\N	\N	\N	\N	\N
483	Medical	1	Lift Assist  - emergent	0.28	2025-06-14 13:29:00	326	\N	\N	\N	\N	\N
306	Fire	7	Vehicle Fire - fully involved on bypass	0.62	2025-05-20 13:10:00	205	\N	\N	\N	\N	\N
378	Other	6	Disorderly Female setting fire to bushes	0.40	2025-05-31 23:24:00	259	\N	\N	\N	\N	\N
113	Medical	3	MVA - 1 veh vs. pole	2.23	2025-04-24 08:50:00	72	\N	\N	\N	\N	\N
693	Medical	6	Gain Entry	0.03	2025-07-03 20:19:01	429	\N	\N	\N	\N	\N
204	Medical	4	Unresponsive female - 1 transported	0.21	2025-05-07 13:01:00	138	\N	\N	\N	\N	\N
32	Medical	1	Emergent Lift Assist	0.33	2025-04-13 21:41:00	16	\N	\N	\N	\N	\N
661	Fire	7	Backside of freezer on fire in cafeteria	0.62	2025-07-01 11:59:34	420	\N	\N	\N	\N	\N
310	Alarm	7	Fire Alarm - residential, false alarm	0.20	2025-05-20 22:42:00	205	\N	\N	\N	\N	\N
431	Fire	4	Vehicle Fire - Engine compartment	0.63	2025-06-08 16:02:00	298	\N	\N	\N	\N	\N
38	Fire	6	Dumpster Fire	0.32	2025-04-14 12:18:00	24	\N	\N	\N	\N	\N
714	Medical	6	MVA - 2 veh, 3 transported	0.42	2025-07-06 09:58:42	444	\N	\N	\N	\N	\N
303	Alarm	6	Fire Alarm - storm activation, false alarm	0.17	2025-05-20 04:13:00	204	\N	\N	\N	\N	\N
600	Other	4	Child Stuck in baby swing at park	0.23	2025-06-26 10:43:00	388	\N	\N	\N	\N	\N
162	Other	1	Service Call - tree and powerlines fell on house	4.29	2025-04-28 14:43:00	91	\N	\N	\N	\N	\N
450	Alarm	6	Fire Alarm, general, false alarm	0.18	2025-06-10 10:18:00	309	\N	\N	\N	\N	\N
726	Other	1	Smell of Natural Gas	1.15	2025-07-08 10:27:46	451	2025-07-08 10:29:10	2025-07-08 10:34:50	2025-07-08 11:43:40	Found leak, contacted Summit	5.67
724	Alarm	3	Fire Alarm, general	0.10	2025-07-08 00:05:21	452	2025-07-08 00:05:59	2025-07-08 00:10:27	2025-07-08 00:16:38	false alarm	\N
720	Fire	7	Grass Fire - small fire on side of road	0.38	2025-07-07 13:19:18	450	\N	\N	\N	\N	\N
750	Medical	1	Poss stroke	0.03	2025-07-11 17:41:31	466	2025-07-11 17:42:05	2025-07-11 17:44:10	2025-07-11 17:45:43	1 transported	2.65
779	Medical	4	MVA - truck vs mc, 1 transported	0.64	2025-07-14 22:04:35	483	2025-07-14 22:05:17	2025-07-14 22:08:02	2025-07-14 22:46:41	1 transported	3.45
771	Alarm	6	Water Flow	0.05	2025-07-14 06:17:37	484	2025-07-14 06:18:47	2025-07-14 06:24:57	2025-07-14 06:28:13	call back cancel, false alarm	7.33
80	Medical	1	Lift Assist - Emergent	0.17	2025-04-19 13:48:00	46	\N	\N	\N	\N	\N
500	Other	4	Veh stranded on flooded road	0.50	2025-06-15 20:20:00	333	\N	\N	\N	\N	\N
103	Medical	1	MVA w Ped	0.17	2025-04-23 11:11:00	66	\N	\N	\N	\N	\N
747	Fire	7	Grass Fire	0.13	2025-07-11 13:09:55	470	2025-07-11 13:10:32	2025-07-11 13:16:10	2025-07-11 13:24:02	Small grass fire on bypass, extinguished	6.25
213	Medical	1	Lift Assist - non emergent	0.13	2025-05-08 17:54:00	141	\N	\N	\N	\N	\N
718	Medical	4	Poss stroke	0.17	2025-07-06 16:52:31	443	\N	\N	\N	\N	\N
713	Fire	4	trash can on fire	0.25	2025-07-05 22:59:55	438	\N	\N	\N	\N	\N
357	Medical	1	MVA - MC pulling wheelie hit parked vehicle, head trauma	0.18	2025-05-28 15:27:00	241	\N	\N	\N	\N	\N
268	Medical	6	MVA - 2 vehicles	0.38	2025-05-15 13:57:00	179	\N	\N	\N	\N	\N
488	Other	1	Powerline down	1.54	2025-06-14 16:24:00	326	\N	\N	\N	\N	\N
108	Other	1	Gas Leak - False, skunk	0.18	2025-04-23 15:52:00	66	\N	\N	\N	\N	\N
282	Other	6	Power line down - with fire	0.75	2025-05-16 22:53:00	184	\N	\N	\N	\N	\N
587	Alarm	7	Fire Alarm - general, false alarm	0.33	2025-06-24 14:43:00	380	\N	\N	\N	\N	\N
740	Alarm	6	Fire Alarm - 4th floor smoke	0.09	2025-07-10 08:22:17	464	2025-07-10 08:22:41	2025-07-10 08:28:47	2025-07-10 08:33:57	false alarm	6.5
594	Other	1	Veh vs Power pole - multiple poles down	0.65	2025-06-25 14:17:00	381	\N	\N	\N	\N	\N
526	Alarm	6	Fire Alarm - general, false alarm	0.18	2025-06-19 12:31:00	354	\N	\N	\N	\N	\N
132	Alarm	1	Fire Alarm - General alarm, false	0.13	2025-04-25 20:12:00	76	\N	\N	\N	\N	\N
585	Alarm	4	Fire Alarm - general, false alarm	0.28	2025-06-24 08:30:00	378	\N	\N	\N	\N	\N
645	Medical	7	Lift Assist - non emergent	0.18	2025-06-30 07:35:11	415	\N	\N	\N	\N	\N
386	Medical	1	Chest Pains	0.33	2025-06-01 20:07:00	261	\N	\N	\N	\N	\N
633	Alarm	3	Fire Alarm - residential, false alarm	0.15	2025-06-28 20:18:03	402	\N	\N	\N	\N	\N
469	Medical	1	Lift Assist - non emergent	0.37	2025-06-12 13:43:00	316	\N	\N	\N	\N	\N
689	Medical	1	Lift Assist - emergent	0.15	2025-07-03 18:27:06	426	\N	\N	\N	\N	\N
254	Other	7	Vehicle stuck on bypass, below bridge	0.25	2025-05-13 19:32:00	170	\N	\N	\N	\N	\N
704	Alarm	6	Fire Alarm - general, false alarm	0.22	2025-07-05 08:31:35	439	\N	\N	\N	\N	\N
706	Alarm	6	Fire Alarm - general, false alarm	0.42	2025-07-05 13:25:47	439	\N	\N	\N	\N	\N
115	Medical	4	MVA - 1 veh vs bicycle, fled scene	0.15	2025-04-24 14:52:00	73	\N	\N	\N	\N	\N
703	Other	6	Powerline down in the roadway	0.20	2025-07-05 06:11:01	439	\N	\N	\N	\N	\N
707	Medical	3	Hiker fell and dislocated knee on trail - pt rescue and transport	0.42	2025-07-05 14:22:09	437	\N	\N	\N	\N	\N
721	Other	1	Electrical lines down and arcing	0.35	2025-07-07 15:38:09	446	\N	\N	\N	\N	\N
715	Alarm	6	Fire Alarm - general, false alarm	0.05	2025-07-06 11:17:42	444	\N	\N	\N	\N	\N
734	Other	6	Powerline down across roadway	0.07	2025-07-09 10:32:47	459	2025-07-09 10:33:41	2025-07-09 10:38:57	2025-07-09 10:42:54	cable line, not in roadway	6.17
183	Other	4	Service Call - Semi struck gas main	1.51	2025-05-04 18:53:00	123	\N	\N	\N	\N	\N
49	Medical	6	MVA - 2 vehicles	0.74	2025-04-16 09:23:00	34	\N	\N	\N	\N	\N
140	Fire	4	Vehicle Fire - EB lane, engine comp involved	0.25	2025-04-26 13:12:00	83	\N	\N	\N	\N	\N
255	Alarm	4	Fire Alarm - general, false alarm	0.37	2025-05-13 19:39:00	168	\N	\N	\N	\N	\N
677	Medical	1	Lift Assist - non emergent	0.27	2025-07-02 13:48:20	421	\N	\N	\N	\N	\N
148	Alarm	1	Fire Alarm - Burnt food, false	0.30	2025-04-27 00:08:00	86	\N	\N	\N	\N	\N
649	Alarm	7	Fire Alarm - residential, false alarm	0.12	2025-06-30 10:21:59	415	\N	\N	\N	\N	\N
512	Alarm	7	Fire Alarm - general, false alarm	0.17	2025-06-17 20:59:00	345	\N	\N	\N	\N	\N
547	Alarm	6	Smoke Alarm - general, false alarm	0.20	2025-06-21 04:39:00	364	\N	\N	\N	\N	\N
755	Medical	1	Lift Assist - emergent	0.13	2025-07-12 03:15:25	471	2025-07-12 03:16:51	2025-07-12 03:20:31	2025-07-12 03:28:14	lift assist	5.1
337	Other	4	Illegal Burning	4.00	2025-05-24 09:52:00	223	\N	\N	\N	\N	\N
437	Medical	3	Chest Pains - 1 transported	0.17	2025-06-08 21:27:00	297	\N	\N	\N	\N	\N
189	Medical	4	Unresponsive 1yr old	0.42	2025-05-05 17:48:00	128	\N	\N	\N	\N	\N
484	Medical	7	MVA - 2 veh	0.27	2025-06-14 13:33:00	330	\N	\N	\N	\N	\N
592	Alarm	4	Fire Alarm - general, false alarm	0.10	2025-06-25 02:02:00	383	\N	\N	\N	\N	\N
637	Medical	1	Poss Stroke	0.38	2025-06-29 01:35:26	406	\N	\N	\N	\N	\N
663	Other	1	Fluid clean-up	0.25	2025-07-01 14:14:49	416	\N	\N	\N	\N	\N
281	Alarm	6	Fire Alarm - general, false alarm	0.42	2025-05-16 22:46:00	184	\N	\N	\N	\N	\N
476	Other	6	CO Alarm	0.57	2025-06-13 05:54:00	324	\N	\N	\N	\N	\N
25	Medical	4	MCI	0.13	2025-04-12 16:21:00	13	\N	\N	\N	\N	\N
474	Medical	6	MVA - 2 veh	0.12	2025-06-12 19:31:00	319	\N	\N	\N	\N	\N
171	Medical	6	Unresponsive male	0.32	2025-04-29 18:46:00	99	\N	\N	\N	\N	\N
169	Fire	6	Tree fire - caused from power line	0.87	2025-04-29 11:18:00	99	\N	\N	\N	\N	\N
226	Alarm	6	Fire Alarm - residential, false alarm	0.10	2025-05-10 02:18:00	154	\N	\N	\N	\N	\N
584	Alarm	4	Sprinkler Alarm - water flow	0.80	2025-06-24 00:58:00	378	\N	\N	\N	\N	\N
210	Medical	6	MVA w ped - ped struck in crosswalk, 1 transported	0.18	2025-05-08 11:29:00	144	\N	\N	\N	\N	\N
211	Alarm	1	Smoke Alarm - false alarm	0.15	2025-05-08 17:25:00	141	\N	\N	\N	\N	\N
212	Other	4	Service Call - gas leak	0.28	2025-05-08 17:25:00	143	\N	\N	\N	\N	\N
477	Alarm	6	Fire Alarm - general, false alarm	0.13	2025-06-13 07:37:00	324	\N	\N	\N	\N	\N
462	Medical	1	Lift Assist - non emergent	0.20	2025-06-11 19:57:00	311	\N	\N	\N	\N	\N
662	Medical	7	Property damage MVA	0.10	2025-07-01 12:13:24	420	\N	\N	\N	\N	\N
112	Alarm	6	Smoke behind building - homeless camp	0.12	2025-04-24 08:44:00	74	\N	\N	\N	\N	\N
11	Medical	7	Minor MVA	0.48	2025-04-11 16:15:00	10	\N	\N	\N	\N	\N
680	Alarm	7	Fire Alarm - general, false alarm	0.43	2025-07-03 00:04:50	430	\N	\N	\N	\N	\N
129	Medical	1	Respiratory Distress - Lifenet extended ETA	0.30	2025-04-25 15:51:00	76	\N	\N	\N	\N	\N
328	Alarm	6	Fire Alarm - general, false alarm	0.32	2025-05-23 11:56:00	219	\N	\N	\N	\N	\N
363	Medical	6	Chest Pains	0.27	2025-05-30 02:22:00	254	\N	\N	\N	\N	\N
549	Other	6	Brakes locked on truck going down highway	0.37	2025-06-21 08:41:00	364	\N	\N	\N	\N	\N
24	Medical	1	Seizure - 1 transported	0.20	2025-04-12 16:18:00	11	\N	\N	\N	\N	\N
506	Alarm	1	Fire Alarm - general, false alarm	0.37	2025-06-17 01:48:00	341	\N	\N	\N	\N	\N
68	Alarm	6	Smoke Alarm - Cancelled en route	0.18	2025-04-18 14:10:00	44	\N	\N	\N	\N	\N
109	Fire	6	Vehicle Fire - radiator smoking, false alarm	0.12	2025-04-23 16:10:00	69	\N	\N	\N	\N	\N
225	Medical	6	MVA - 2 vehicle, no injuries	0.50	2025-05-09 22:12:00	149	\N	\N	\N	\N	\N
449	Medical	7	10 yr old, respiratory distress	0.22	2025-06-10 07:18:00	310	\N	\N	\N	\N	\N
535	Alarm	1	Fire Alarm - general, false alarm	0.52	2025-06-20 08:30:00	356	\N	\N	\N	\N	\N
536	Alarm	6	Fire Alarm - general, false alarm	0.50	2025-06-20 09:34:00	359	\N	\N	\N	\N	\N
92	Medical	4	MVA - veh vs. motorcycle	0.20	2025-04-21 19:58:00	58	\N	\N	\N	\N	\N
20	Other	1	Unauthorized burning	0.10	2025-04-12 08:13:00	11	\N	\N	\N	\N	\N
414	Other	1	Illegal Burning	0.25	2025-06-06 21:14:00	286	\N	\N	\N	\N	\N
217	Medical	7	Head trauma from fall w entrapment	0.18	2025-05-09 14:42:00	150	\N	\N	\N	\N	\N
291	Alarm	6	Smoke Alarm - burnt food	0.20	2025-05-18 08:25:00	194	\N	\N	\N	\N	\N
711	Other	4	Tree fell on powerline and blocking road	0.50	2025-07-05 18:18:45	438	\N	\N	\N	\N	\N
709	Alarm	7	Smoke Alarm - residential, false alarm	0.08	2025-07-05 16:30:19	440	\N	\N	\N	\N	\N
672	Fire	3	Electrical Fire	0.58	2025-07-01 23:22:27	417	\N	\N	\N	\N	\N
314	Alarm	6	Fire Alarm - cancelled en route, false alarm	0.17	2025-05-21 12:21:00	209	\N	\N	\N	\N	\N
116	Other	7	Illegal Burning	0.18	2025-04-24 15:05:00	75	\N	\N	\N	\N	\N
393	Alarm	6	Sprinkler Alarm - waterflow, false alarm	0.60	2025-06-02 16:13:00	269	\N	\N	\N	\N	\N
350	Other	1	Service Call - smell of natural gas	0.23	2025-05-26 22:09:00	231	\N	\N	\N	\N	\N
163	Alarm	6	Fire Alarm - waterflow, sprinkler busted	0.97	2025-04-28 15:18:00	94	\N	\N	\N	\N	\N
391	Medical	4	Chest Pains	0.27	2025-06-02 03:08:00	268	\N	\N	\N	\N	\N
288	Medical	1	High blood sugar	0.06	2025-05-17 16:09:00	186	\N	\N	\N	\N	\N
349	Medical	3	Lift Assist - emergent	0.15	2025-05-26 21:28:00	232	\N	\N	\N	\N	\N
239	Medical	4	MVA - 2 vehicle, 2 transported	0.33	2025-05-11 17:56:00	158	\N	\N	\N	\N	\N
670	Medical	4	Overdose	0.40	2025-07-01 22:12:35	418	\N	\N	\N	\N	\N
598	Medical	6	Poss. MCI - Chest Pains	0.20	2025-06-26 00:56:00	389	\N	\N	\N	\N	\N
781	Medical	1	Poss Stroke	0.02	2025-07-15 08:14:54	486	2025-07-15 08:15:26	2025-07-15 08:17:45	2025-07-15 08:18:42	1 transported	2.8500000000000000
514	Alarm	1	Fire Alarm - general, false alarm	0.23	2025-06-17 22:50:00	341	\N	\N	\N	\N	\N
510	Medical	7	MVA - veh vs semi, 1 transported	0.13	2025-06-17 13:40:00	345	\N	\N	\N	\N	\N
202	Alarm	3	Fire Alarm - General, false	0.13	2025-05-07 05:36:00	137	\N	\N	\N	\N	\N
603	Other	4	CO Alarm	0.80	2025-06-26 20:32:00	388	\N	\N	\N	\N	\N
564	Alarm	6	Fire Alarm - general, false alarm	0.47	2025-06-22 16:19:00	369	\N	\N	\N	\N	\N
565	Medical	4	Respiratory Distress	0.18	2025-06-22 19:45:00	368	\N	\N	\N	\N	\N
567	Alarm	3	Fire Alarm - burnt food	0.27	2025-06-22 22:04:00	367	\N	\N	\N	\N	\N
568	Medical	7	Lift Assist - non emergent	0.17	2025-06-22 22:28:00	370	\N	\N	\N	\N	\N
658	Medical	1	Chest Pains - pt fled scene	0.33	2025-06-30 22:16:15	411	\N	\N	\N	\N	\N
273	Medical	4	MVA - head on collision, 4 transported	0.63	2025-05-16 06:36:00	183	\N	\N	\N	\N	\N
435	Alarm	1	Fire Alarm - general, false alarm	0.12	2025-06-08 18:12:00	296	\N	\N	\N	\N	\N
412	Medical	4	MVA - 2 veh, minor injuries	0.48	2025-06-06 15:47:00	288	\N	\N	\N	\N	\N
527	Alarm	4	Fire Alarm - general, false alarm	0.08	2025-06-19 12:55:00	353	\N	\N	\N	\N	\N
15	Medical	1	Respiratory distress - 1 transported	0.33	2025-04-11 19:36:00	6	\N	\N	\N	\N	\N
304	Other	1	Service Call - victim removal from elevator	0.22	2025-05-20 16:03:00	201	\N	\N	\N	\N	\N
128	Medical	3	Lift Assist - non emergent	0.23	2025-04-25 11:48:00	77	\N	\N	\N	\N	\N
408	Medical	3	MCI - 1 transported	0.32	2025-06-06 08:52:00	287	\N	\N	\N	\N	\N
46	Alarm	1	Smoke Alarm - False Alarm	0.18	2025-04-15 15:38:00	26	\N	\N	\N	\N	\N
294	Alarm	6	Fire Alarm - alarm malfunctioning	0.33	2025-05-18 18:13:00	194	\N	\N	\N	\N	\N
319	Other	1	Illegal Burning	0.42	2025-05-21 21:33:00	206	\N	\N	\N	\N	\N
181	Other	4	Service Call - Smell of something burning - false	0.32	2025-05-03 11:52:00	118	\N	\N	\N	\N	\N
144	Medical	6	Lift Assist - non emergent	0.33	2025-04-26 17:45:00	84	\N	\N	\N	\N	\N
243	Medical	3	Lift Assist - non emergent	0.22	2025-05-12 03:09:00	162	\N	\N	\N	\N	\N
758	Fire	6	Vehicle Fire - lawnmower	0.28	2025-07-12 11:26:06	474	2025-07-12 11:26:47	2025-07-12 11:30:18	2025-07-12 11:47:02	fully involved, extinguished	4.2
209	Alarm	4	Area Smoke - false alarm, homeless camp	0.08	2025-05-08 05:55:00	143	\N	\N	\N	\N	\N
1	Alarm	7	School smoke detector - no fire	0.07	2025-04-10 08:57:00	5	\N	\N	\N	\N	\N
172	Other	6	Illegal Burning	0.22	2025-04-29 19:27:00	99	\N	\N	\N	\N	\N
329	Medical	1	Lift Assist - non emergent	0.28	2025-05-23 11:58:00	216	\N	\N	\N	\N	\N
376	Medical	7	LifeNet extended ETA	0.33	2025-05-31 20:04:00	260	\N	\N	\N	\N	\N
486	Alarm	3	Fire Alarm - general, false alarm	0.62	2025-06-14 13:42:00	327	\N	\N	\N	\N	\N
340	Alarm	3	Fire Alarm - general, false alarm	0.25	2025-05-24 21:57:00	222	\N	\N	\N	\N	\N
436	Medical	7	Repiratory Distress - 1 transported	0.30	2025-06-08 18:21:00	300	\N	\N	\N	\N	\N
760	Medical	7	Respiratory Distress, pt losing consciousness	0.77	2025-07-12 15:07:16	475	2025-07-12 15:08:03	2025-07-12 15:16:42	2025-07-12 16:02:51	1 transported	9.43
425	Medical	1	Gain Entry	0.37	2025-06-07 20:18:00	291	\N	\N	\N	\N	\N
562	Alarm	6	Fire Alarm - general, false alarm	0.35	2025-06-22 15:58:00	369	\N	\N	\N	\N	\N
175	Medical	1	Infant choking	0.15	2025-05-01 05:33:00	106	\N	\N	\N	\N	\N
252	Alarm	6	Fire Alarm - general, false alarm	0.28	2025-05-13 16:24:00	169	\N	\N	\N	\N	\N
410	Medical	6	Lift Assist - non emergent	0.58	2025-06-06 13:17:00	289	\N	\N	\N	\N	\N
228	Other	3	Service Call - Smell of Natural Gas	0.25	2025-05-10 11:25:00	152	\N	\N	\N	\N	\N
242	Medical	1	Unresponsive Female	0.43	2025-05-12 02:07:00	161	\N	\N	\N	\N	\N
75	Alarm	6	Black smoke coming from wooded area	0.13	2025-04-18 20:33:00	44	\N	\N	\N	\N	\N
454	Medical	7	Lift Assist - non emergent	0.10	2025-06-10 15:11:00	310	\N	\N	\N	\N	\N
459	Medical	1	MVA - cancelled en route	0.01	2025-06-10 21:27:00	306	\N	\N	\N	\N	\N
471	Medical	6	Chest Pains	0.37	2025-06-12 16:05:00	319	\N	\N	\N	\N	\N
269	Medical	7	Lift Assist - non emergent	0.33	2025-05-15 16:09:00	180	\N	\N	\N	\N	\N
607	Alarm	6	Sprinkler Alarm - busted sprinkler pipe flooding building	0.52	2025-06-26 09:41:00	389	\N	\N	\N	\N	\N
230	Alarm	1	Sprinkler Alarm - false alarm, cancelled en route	0.05	2025-05-10 18:13:00	151	\N	\N	\N	\N	\N
405	Medical	1	Unresponsive Female	0.10	2025-06-04 11:49:00	276	\N	\N	\N	\N	\N
542	Alarm	1	Fire Alarm - general, false alarm	0.48	2025-06-20 13:19:00	356	\N	\N	\N	\N	\N
346	Other	3	Tree fell on power line	0.82	2025-05-26 12:03:00	232	\N	\N	\N	\N	\N
448	Medical	4	Lift Assist - emergent	0.18	2025-06-10 06:41:00	308	\N	\N	\N	\N	\N
199	Other	1	Baby Drop Box - false	0.03	2025-05-06 19:12:00	131	\N	\N	\N	\N	\N
147	Other	7	Illegal Burning	0.27	2025-04-26 23:53:00	85	\N	\N	\N	\N	\N
18	Medical	1	Rollover accident - 3 transported	0.57	2025-04-12 02:01:00	11	\N	\N	\N	\N	\N
326	Medical	4	Lift Assist - non emergent	0.30	2025-05-23 09:46:00	218	\N	\N	\N	\N	\N
489	Other	4	Powerline down	0.32	2025-06-14 16:30:00	328	\N	\N	\N	\N	\N
195	Alarm	1	Fire Alarm - false alarm	0.30	2025-05-06 15:53:00	131	\N	\N	\N	\N	\N
735	Medical	7	pt loss consciousness while at work	0.20	2025-07-09 10:52:07	460	2025-07-09 10:52:07	2025-07-09 10:52:16	2025-07-09 11:04:27	1 transported	0.15
107	Medical	1	MVA - 1 vehicle, 1 transported	0.63	2025-04-23 15:47:00	66	\N	\N	\N	\N	\N
465	Alarm	6	Fire Alarm - general, false alarm	0.32	2025-06-12 09:27:00	319	\N	\N	\N	\N	\N
556	Alarm	6	Fire Alarm - general, false alarm	0.15	2025-06-21 21:32:00	364	\N	\N	\N	\N	\N
248	Medical	7	Gain Entry	0.03	2025-05-13 02:37:00	170	\N	\N	\N	\N	\N
381	Alarm	6	Fire Alarm - general, false alarm	0.12	2025-06-01 08:25:00	264	\N	\N	\N	\N	\N
203	Other	4	Service Call - tree fell on powerline	0.12	2025-05-07 06:59:00	138	\N	\N	\N	\N	\N
322	Other	1	Service Call - SWAT team standby	0.90	2025-05-22 16:47:00	211	\N	\N	\N	\N	\N
12	Medical	1	Female chest pains - 1 transported	0.13	2025-04-11 17:00:00	6	\N	\N	\N	\N	\N
452	Medical	6	Lift Assist - non emergent	0.05	2025-06-10 13:51:00	309	\N	\N	\N	\N	\N
551	Medical	7	Lift Assist - emergent	0.90	2025-06-21 18:17:00	365	\N	\N	\N	\N	\N
605	Medical	1	Lift Assist - non emergent	0.25	2025-06-27 00:49:00	391	\N	\N	\N	\N	\N
519	Other	6	Service Call	0.22	2025-06-18 19:19:00	349	\N	\N	\N	\N	\N
74	Medical	6	Chest pains	0.13	2025-04-18 17:47:00	44	\N	\N	\N	\N	\N
430	Fire	4	Structure Fire - Fully involved, residential, everyone out	1.85	2025-06-08 08:19:00	298	\N	\N	\N	\N	\N
182	Other	3	Service Call - Tree fell on powerline	1.03	2025-05-03 16:36:00	117	\N	\N	\N	\N	\N
3	Medical	6	Chest pains - 1 transported	0.20	2025-04-10 12:52:00	4	\N	\N	\N	\N	\N
738	Medical	3	Lift Assist - non emergent	0.16	2025-07-09 18:03:46	457	2025-07-09 18:04:37	2025-07-09 18:06:03	2025-07-09 18:15:32	lift assist	2.28
595	Medical	1	Poss. Stroke	0.20	2025-06-25 18:06:00	381	\N	\N	\N	\N	\N
110	Medical	3	Lift Assist - non emergent	0.15	2025-04-23 21:28:00	67	\N	\N	\N	\N	\N
19	Medical	6	Minor MVA	0.33	2025-04-12 06:28:00	14	\N	\N	\N	\N	\N
530	Other	1	Elevator entrapment	0.23	2025-06-19 16:02:00	351	\N	\N	\N	\N	\N
238	Alarm	6	Fire Alarm - false alarm	0.13	2025-05-11 14:33:00	159	\N	\N	\N	\N	\N
14	Alarm	6	Pull station - false alarm	0.07	2025-04-11 18:11:00	9	\N	\N	\N	\N	\N
22	Medical	7	MCI	0.54	2025-04-12 13:16:00	15	\N	\N	\N	\N	\N
513	Other	1	Service call - sprinkler busted	0.27	2025-06-17 21:51:00	341	\N	\N	\N	\N	\N
576	Medical	4	Respiratory Distress	0.17	2025-06-23 19:03:00	373	\N	\N	\N	\N	\N
577	Medical	6	Chest Pains	0.30	2025-06-23 19:06:00	374	\N	\N	\N	\N	\N
277	Medical	1	MVA - 2 vehicles	0.23	2025-05-16 13:37:00	181	\N	\N	\N	\N	\N
578	Alarm	7	Fire Alarm - general, false alarm	0.13	2025-06-23 19:11:00	375	\N	\N	\N	\N	\N
190	Medical	6	Lift Assist - Non emergent	0.37	2025-05-05 19:39:00	129	\N	\N	\N	\N	\N
344	Medical	4	9 month old choking on vomit	0.35	2025-05-25 23:43:00	228	\N	\N	\N	\N	\N
458	Other	1	CO Alarm	0.03	2025-06-10 21:14:00	306	\N	\N	\N	\N	\N
257	Medical	1	MVA - Truck vs Tree, 1 transported	0.45	2025-05-13 23:38:00	166	\N	\N	\N	\N	\N
161	Alarm	3	Fire Alarm - waterflow, false alarm	0.08	2025-04-28 12:56:00	92	\N	\N	\N	\N	\N
151	Medical	4	MVA - 2 vehicles	0.15	2025-04-27 04:47:00	88	\N	\N	\N	\N	\N
55	Medical	6	MVA w Ped	0.17	2025-04-17 06:29:00	39	\N	\N	\N	\N	\N
249	Medical	1	Chest Pains	0.12	2025-05-13 03:55:00	166	\N	\N	\N	\N	\N
667	Fire	6	Vehicle Fire - Fully involved	0.42	2025-07-01 16:16:22	419	\N	\N	\N	\N	\N
665	Other	7	Fluid clean-up from accident	0.37	2025-07-01 15:20:38	420	\N	\N	\N	\N	\N
97	Other	4	Service Call - Gas main struck	0.25	2025-04-22 12:28:00	63	\N	\N	\N	\N	\N
716	Alarm	3	Fire Alarm - general, false alarm	0.08	2025-07-06 14:14:36	442	\N	\N	\N	\N	\N
224	Medical	7	Lift Assist - non emergent	0.35	2025-05-09 21:45:00	150	\N	\N	\N	\N	\N
407	Alarm	1	Fire Alarm - general, false alarm	0.27	2025-06-06 05:57:00	286	\N	\N	\N	\N	\N
503	Other	1	Powerline down - charged and landed on house	5.12	2025-06-16 00:42:00	336	\N	\N	\N	\N	\N
642	Medical	4	Lift Assist - non emergent	0.62	2025-06-29 21:06:59	408	\N	\N	\N	\N	\N
580	Other	4	Illegal Burning	0.23	2025-06-23 20:37:00	373	\N	\N	\N	\N	\N
206	Medical	1	MCI - 1 transported	0.27	2025-05-08 00:14:00	141	\N	\N	\N	\N	\N
208	Medical	1	MVA w entrapment - 2 transported	0.87	2025-05-08 02:55:00	141	\N	\N	\N	\N	\N
158	Alarm	1	Fire Alarm - General, false alarm	0.32	2025-04-28 07:40:00	91	\N	\N	\N	\N	\N
223	Fire	3	Structure Fire - Apartment, grease fire/room and contents	0.45	2025-05-09 21:40:00	147	\N	\N	\N	\N	\N
504	Fire	4	Aircraft Fire - Single prop caught fire	0.52	2025-06-16 16:21:00	338	\N	\N	\N	\N	\N
698	Alarm	1	Fire Alarm - general, false alarm	0.25	2025-07-04 17:05:23	431	\N	\N	\N	\N	\N
682	Alarm	6	Smoke in the area - false alarm	0.38	2025-07-03 04:30:46	429	\N	\N	\N	\N	\N
699	Medical	1	Lift Assist - non emergent	0.20	2025-07-04 17:29:28	431	\N	\N	\N	\N	\N
341	Medical	1	Intoxicated female - head trauma, 1 transported	0.12	2025-05-24 23:05:00	221	\N	\N	\N	\N	\N
507	Alarm	1	Fire Alarm - general, false alarm	0.12	2025-06-17 03:58:00	341	\N	\N	\N	\N	\N
659	Alarm	6	Fire Alarm - general, false alarm	0.37	2025-06-30 23:46:39	414	\N	\N	\N	\N	\N
422	Other	6	Transformer smoking, Entergy notified	1.00	2025-06-07 14:52:00	294	\N	\N	\N	\N	\N
516	Alarm	6	Fire Alarm - general, false alarm	0.12	2025-06-18 11:59:00	349	\N	\N	\N	\N	\N
524	Other	4	Fluid clean-up	0.10	2025-06-19 10:49:00	353	\N	\N	\N	\N	\N
518	Alarm	1	Fire Alarm - general, false alarm	0.22	2025-06-18 18:28:00	346	\N	\N	\N	\N	\N
17	Alarm	4	Smoke alarm - Cancelled en route	0.02	2025-04-12 01:37:00	13	\N	\N	\N	\N	\N
478	Other	6	Powerline down	0.45	2025-06-13 10:50:00	324	\N	\N	\N	\N	\N
409	Medical	6	Stroke symptoms	0.12	2025-06-06 12:40:00	289	\N	\N	\N	\N	\N
438	Other	1	Fire Alarm beeping	0.22	2025-06-09 08:30:00	301	\N	\N	\N	\N	\N
44	Other	7	Service Call - Gas Line Struck	0.80	2025-04-15 14:40:00	30	\N	\N	\N	\N	\N
42	Other	7	Service Call - unknown	0.27	2025-04-15 13:12:00	30	\N	\N	\N	\N	\N
48	Alarm	6	Pull Station - False Alarm	0.27	2025-04-15 19:46:00	29	\N	\N	\N	\N	\N
135	Other	1	Service Call - downed powerline on vehicle	0.67	2025-04-25 23:19:00	76	\N	\N	\N	\N	\N
166	Medical	1	Overdose - 1 transported	0.48	2025-04-28 15:58:00	91	\N	\N	\N	\N	\N
98	Medical	6	MVA - 2 vehicles	0.53	2025-04-22 12:56:00	64	\N	\N	\N	\N	\N
233	Medical	6	MVA - Vehicle drove through house	0.52	2025-05-10 23:33:00	154	\N	\N	\N	\N	\N
40	Medical	7	Life Alert	0.32	2025-04-14 22:45:00	25	\N	\N	\N	\N	\N
335	Fire	1	Vehicle Fire - fully involved	0.48	2025-05-23 21:20:00	216	\N	\N	\N	\N	\N
385	Medical	6	Lift Assist - non emergent	0.17	2025-06-01 17:57:00	264	\N	\N	\N	\N	\N
37	Medical	1	Non Emergent - Lift Assist	0.18	2025-04-14 09:28:00	21	\N	\N	\N	\N	\N
39	Alarm	7	Fire Alarm - Brush Fire	0.15	2025-04-14 15:13:00	25	\N	\N	\N	\N	\N
463	Medical	1	MCI - 1 transported	0.60	2025-06-11 20:53:00	311	\N	\N	\N	\N	\N
695	Alarm	3	Smoke Alarm - residential, false alarm	0.08	2025-07-04 07:04:15	432	\N	\N	\N	\N	\N
29	Fire	6	Grass Fire - Kimery	0.06	2025-04-13 08:21:00	19	\N	\N	\N	\N	\N
635	Medical	6	Bicycle crash	0.07	2025-06-28 21:54:31	404	\N	\N	\N	\N	\N
274	Alarm	7	Fire Alarm - pull station, false alarm	0.13	2025-05-16 09:45:00	185	\N	\N	\N	\N	\N
6	Medical	4	Rollover Accident - 4 transported	0.75	2025-04-11 06:13:00	8	\N	\N	\N	\N	\N
324	Medical	1	Lift Assist - emergent	0.08	2025-05-23 01:55:00	216	\N	\N	\N	\N	\N
180	Alarm	1	Fire Alarm - General, false alarm	0.25	2025-05-03 11:13:00	116	\N	\N	\N	\N	\N
231	Alarm	1	Caller could see fire in window - candle	0.23	2025-05-10 20:31:00	151	\N	\N	\N	\N	\N
265	Medical	4	Lift Assist - non emergent	0.20	2025-05-14 17:22:00	173	\N	\N	\N	\N	\N
692	Medical	4	Burn victim	0.13	2025-07-03 19:39:24	428	\N	\N	\N	\N	\N
700	Medical	4	Fall victim, unresponsive	0.28	2025-07-04 17:38:39	433	\N	\N	\N	\N	\N
696	Medical	1	Pedestrian hit by a firework	0.12	2025-07-04 14:25:46	431	\N	\N	\N	\N	\N
701	Alarm	7	Smoke Alarm - residential, false alarm	0.10	2025-07-04 17:58:22	435	\N	\N	\N	\N	\N
569	Medical	6	Lift Assist - emergent	0.20	2025-06-23 08:09:00	374	\N	\N	\N	\N	\N
571	Other	3	Tree on Powerline	0.17	2025-06-23 10:39:00	372	\N	\N	\N	\N	\N
570	Medical	4	MVA - 2 veh, w trailor - minor injuries	0.78	2025-06-23 09:01:00	373	\N	\N	\N	\N	\N
572	Medical	1	Lift Assist - non emergent	0.20	2025-06-23 11:58:00	371	\N	\N	\N	\N	\N
573	Other	4	Smell of gas	0.23	2025-06-23 13:43:00	373	\N	\N	\N	\N	\N
76	Medical	6	Lift Assist - Non Emergent	0.30	2025-04-18 23:01:00	44	\N	\N	\N	\N	\N
71	Alarm	3	Fire Alarm - General, no fire	0.13	2025-04-18 16:12:00	42	\N	\N	\N	\N	\N
67	Other	1	Service Call - Smell of Natural Gas	0.23	2025-04-18 14:09:00	41	\N	\N	\N	\N	\N
258	Medical	1	MCI	0.03	2025-05-14 02:21:00	171	\N	\N	\N	\N	\N
259	Other	6	Service Call - fluid clean up	0.17	2025-05-14 04:54:00	174	\N	\N	\N	\N	\N
58	Medical	3	Unresponsive person on bus - Narcan administered	0.15	2025-04-17 15:39:00	37	\N	\N	\N	\N	\N
396	Alarm	3	Fire Alarm - residential, false alarm	0.60	2025-06-03 01:06:00	272	\N	\N	\N	\N	\N
250	Medical	1	Lift Assist - non emergent	0.33	2025-05-13 05:49:00	166	\N	\N	\N	\N	\N
271	Alarm	6	Smoke Alarm - residential, false alarm	0.27	2025-05-15 19:36:00	179	\N	\N	\N	\N	\N
308	Medical	6	Respiratory Distress - 1 transported	0.25	2025-05-20 17:45:00	204	\N	\N	\N	\N	\N
296	Medical	1	MCI - 1 transported	0.40	2025-05-19 02:47:00	196	\N	\N	\N	\N	\N
589	Other	7	Service Call	0.10	2025-06-24 17:48:00	380	\N	\N	\N	\N	\N
347	Alarm	1	Smoke Alarm - general, false alarm	0.20	2025-05-26 12:41:00	231	\N	\N	\N	\N	\N
290	Other	6	Service Call - tree fell in to powerline and is arcing	1.55	2025-05-18 01:55:00	194	\N	\N	\N	\N	\N
244	Medical	4	MVA - 2 vehicle	0.42	2025-05-12 10:49:00	163	\N	\N	\N	\N	\N
237	Other	1	Service call - Smell OF gas	0.27	2025-05-11 11:24:00	156	\N	\N	\N	\N	\N
398	Alarm	6	Fire Alarm - keypad activation, false alarm	0.15	2025-06-03 10:04:00	274	\N	\N	\N	\N	\N
411	Alarm	3	Smoke Alarm - residential, false alarm	0.17	2025-06-06 15:43:00	287	\N	\N	\N	\N	\N
420	Alarm	1	Fire Alarm - general, false alarm	0.13	2025-06-07 09:52:00	291	\N	\N	\N	\N	\N
574	Medical	4	MVA - 2 veh, minor injuries	0.68	2025-06-23 15:59:00	373	\N	\N	\N	\N	\N
575	Medical	1	Lift Assist - non emergent	0.23	2025-06-23 18:22:00	371	\N	\N	\N	\N	\N
674	Medical	7	Lift Assist - non emergent	0.50	2025-07-02 11:08:01	425	\N	\N	\N	\N	\N
563	Alarm	6	Fire Alarm - burnt food, door breach	0.23	2025-06-22 16:16:00	369	\N	\N	\N	\N	\N
275	Other	3	Service Call - gas line struck	0.35	2025-05-16 10:17:00	182	\N	\N	\N	\N	\N
276	Alarm	1	Smoke Alarm - dust from construction, false alarm	0.22	2025-05-16 11:51:00	181	\N	\N	\N	\N	\N
278	Other	7	Service Call	0.08	2025-05-16 13:51:00	185	\N	\N	\N	\N	\N
279	Other	1	Illegal Burning	0.15	2025-05-16 18:41:00	181	\N	\N	\N	\N	\N
323	Alarm	1	Fire Alarm - commercial, false alarm	0.08	2025-05-22 18:15:00	211	\N	\N	\N	\N	\N
528	Other	1	Service Call	0.28	2025-06-19 13:34:00	351	\N	\N	\N	\N	\N
529	Alarm	6	Fire Alarm - general, false alarm	0.18	2025-06-19 15:03:00	354	\N	\N	\N	\N	\N
531	Other	1	Service Call	0.17	2025-06-19 19:45:00	351	\N	\N	\N	\N	\N
532	Medical	6	Lift Assist - non emergent	0.08	2025-06-19 21:08:00	354	\N	\N	\N	\N	\N
533	Medical	6	Chest Pains	0.12	2025-06-20 02:42:00	359	\N	\N	\N	\N	\N
534	Alarm	1	Fire Alarm - water flow	0.48	2025-06-20 04:23:00	356	\N	\N	\N	\N	\N
143	Medical	7	Fall alert - not responding, 1 transported	0.33	2025-04-26 16:50:00	85	\N	\N	\N	\N	\N
156	Alarm	4	Smoke Alarm - burnt food, false	0.08	2025-04-27 20:22:00	88	\N	\N	\N	\N	\N
153	Alarm	6	Fire Alarm - pull station, false	0.22	2025-04-27 11:13:00	89	\N	\N	\N	\N	\N
152	Alarm	7	Smoke Alarm - false alarm	0.10	2025-04-27 10:03:00	90	\N	\N	\N	\N	\N
557	Other	1	Service Call - Water leaking in to apt from second story	0.35	2025-06-22 03:55:00	366	\N	\N	\N	\N	\N
558	Medical	3	Lift Assist - non emergent	0.27	2025-06-22 04:02:00	367	\N	\N	\N	\N	\N
\.


--
-- Data for Name: incidentunits; Type: TABLE DATA; Schema: public; Owner: postgres
--

COPY public.incidentunits (incident_id, unit_id) FROM stdin;
1	121
1	7
1	6
1	10
2	121
2	6
2	4
2	10
3	6
4	121
4	3
4	1
4	5
5	1
6	4
6	2
7	121
7	7
7	6
7	10
8	1
9	121
9	4
9	6
9	10
10	121
10	3
10	1
10	5
11	7
12	1
13	121
13	1
13	3
13	5
14	121
14	6
14	4
14	10
15	1
16	121
16	6
16	7
16	10
17	1
17	121
17	4
17	6
17	2
18	1
18	2
19	6
19	2
20	1
21	1
22	121
22	6
22	7
22	10
23	1
24	4
25	1
27	1
28	3
29	6
29	14
30	121
30	4
30	6
30	2
30	301
30	302
31	4
31	2
32	1
33	6
34	121
34	7
34	6
34	10
35	1
36	4
37	1
38	6
39	121
39	7
39	6
39	10
40	7
41	3
42	7
43	121
43	6
43	4
43	10
44	7
45	1
46	121
46	1
46	3
46	5
47	1
48	121
48	6
48	4
48	10
49	6
49	2
50	121
50	6
50	4
50	2
50	7
50	101
50	302
51	1
52	7
53	1
54	121
54	6
54	14
55	6
55	2
56	7
57	4
58	3
59	121
59	7
59	6
59	10
60	6
60	2
61	1
62	121
62	6
62	4
62	10
448	4
449	7
450	121
450	6
450	4
450	10
451	6
451	2
452	6
453	7
454	7
455	1
456	4
456	2
457	3
458	1
63	121
63	6
63	4
63	2
64	6
64	2
65	6
65	2
66	4
66	2
67	1
68	121
68	6
68	4
68	10
69	6
70	1
70	12
71	121
71	3
71	1
71	5
72	121
72	7
72	6
72	2
73	1
73	12
74	6
75	121
75	6
75	7
75	10
76	6
77	7
78	121
78	6
78	4
78	10
79	6
79	2
80	1
81	7
82	4
82	2
83	7
84	121
84	3
84	1
84	5
85	1
86	6
86	4
87	121
87	1
87	7
87	5
88	121
88	6
88	4
88	2
89	6
90	121
90	1
90	3
90	5
91	121
91	4
91	6
91	10
92	4
92	2
93	1
94	6
95	6
96	121
96	6
96	4
96	10
97	4
98	6
98	2
99	4
99	2
100	121
100	7
100	6
100	2
101	1
102	4
103	1
103	12
104	1
105	6
106	121
106	1
106	7
106	5
107	1
107	12
108	1
109	6
110	3
111	1
112	121
112	6
112	4
112	10
113	3
113	12
114	1
115	4
115	2
116	7
117	3
117	14
118	1
119	6
120	121
120	6
120	4
120	10
121	121
121	6
121	4
121	10
122	7
123	1
124	6
125	7
126	6
127	1
127	12
128	3
129	1
130	1
130	12
131	1
131	12
132	121
132	1
132	3
132	5
133	121
133	4
133	1
133	5
134	1
135	1
136	6
137	1
138	1
139	1
140	4
141	6
142	121
142	4
142	1
142	5
143	7
144	6
145	121
145	6
145	4
145	10
146	3
147	7
148	121
148	1
148	7
148	5
149	3
150	3
151	4
151	2
152	121
152	7
152	6
152	10
153	121
153	6
153	4
153	10
154	1
155	1
156	121
156	4
156	6
156	10
157	6
158	121
158	1
158	3
158	5
159	121
159	1
159	3
159	5
160	1
161	121
161	3
161	1
161	5
162	1
162	12
163	121
163	6
163	4
163	10
164	121
164	6
164	4
164	10
165	121
165	6
165	4
165	10
166	1
167	7
168	3
169	6
170	121
170	3
170	1
170	5
171	6
172	6
173	121
173	6
173	4
173	10
174	6
175	1
176	6
177	1
178	4
179	4
180	121
180	1
180	3
180	5
181	4
182	3
182	12
183	4
184	121
184	1
184	7
184	5
185	121
185	7
185	1
185	5
186	121
186	6
186	4
186	10
187	1
188	121
188	6
188	4
188	10
189	4
190	6
191	1
192	3
193	121
193	6
193	4
193	10
194	4
195	121
195	1
195	3
195	5
196	1
197	6
198	6
199	1
200	6
201	121
201	1
201	7
201	5
202	121
202	3
202	1
202	5
203	4
204	4
205	121
205	6
205	4
205	10
206	1
207	6
208	1
208	12
209	121
209	4
209	6
209	2
210	6
210	2
211	121
211	1
211	3
211	5
212	4
213	1
214	121
214	1
214	7
214	5
215	6
216	121
216	1
216	3
216	5
217	7
218	121
218	1
218	3
218	5
219	1
220	121
220	1
220	3
220	5
221	1
222	121
222	6
222	4
222	10
223	121
223	3
223	1
223	5
224	7
225	6
225	2
226	121
226	6
226	4
226	2
227	6
228	3
229	6
230	121
230	1
230	3
230	5
231	121
231	1
231	3
231	5
232	6
232	2
233	121
233	6
233	2
234	6
234	2
235	7
236	1
237	121
237	6
237	4
237	2
238	4
238	2
239	121
239	1
239	3
239	5
240	1
241	1
242	3
243	4
243	2
244	121
244	1
244	3
244	5
245	121
245	4
245	1
245	5
246	121
246	1
246	3
246	5
247	7
248	1
249	1
250	4
251	121
251	6
251	4
251	10
252	6
253	4
253	6
254	121
254	4
254	1
254	10
255	4
257	1
257	12
258	1
259	6
260	3
261	1
262	121
262	4
262	1
262	5
263	7
264	6
264	2
265	4
266	1
267	6
268	6
268	2
269	7
270	121
270	7
270	1
270	5
271	121
271	6
271	4
271	2
272	3
273	4
273	2
274	121
274	7
274	6
274	10
275	3
276	121
276	1
276	7
276	5
277	1
277	2
278	2
278	1
279	121
279	6
279	4
279	10
280	4
281	3
281	12
282	121
282	6
282	4
282	10
283	7
284	121
284	6
284	4
284	10
285	121
285	6
285	7
285	10
286	1
287	6
287	2
288	6
289	121
289	6
289	4
289	2
290	121
290	6
290	4
290	10
291	121
291	7
291	1
291	5
292	121
292	6
292	4
292	10
293	6
294	1
295	1
296	121
296	4
296	6
296	10
297	4
298	6
299	1
300	1
301	121
301	6
301	7
301	2
302	1
303	6
304	7
305	7
306	6
307	6
308	121
308	7
308	6
308	2
309	121
309	6
309	7
309	10
310	121
310	1
310	3
310	5
311	4
311	2
312	121
312	6
312	4
312	10
313	4
313	2
314	6
314	2
315	6
315	2
316	3
317	1
318	1
319	4
320	1
321	121
321	1
321	3
321	5
322	1
323	7
324	4
325	3
326	121
326	6
326	4
326	10
327	1
328	1
328	12
329	4
330	4
330	2
331	6
332	1
333	1
334	6
334	2
335	4
336	7
337	1
338	121
338	3
338	1
338	5
339	1
340	121
340	6
340	7
340	10
341	1
341	12
344	4
345	3
346	3
347	121
347	1
347	7
347	5
348	121
348	3
348	1
348	5
349	3
349	1
350	6
342	121
342	6
342	4
342	10
343	1
343	12
351	4
352	4
353	4
354	6
355	4
355	2
356	1
356	12
357	1
357	12
358	4
358	2
359	121
359	6
359	4
359	10
360	1
361	4
361	2
362	6
363	7
364	121
364	7
364	6
364	10
365	6
366	121
366	3
366	1
366	5
367	6
368	7
369	3
370	121
370	4
370	1
370	5
371	1
371	121
371	3
371	5
372	6
373	121
373	3
373	1
373	5
374	121
374	6
374	4
374	10
375	7
376	1
377	6
378	6
379	121
379	4
379	6
379	10
380	121
380	6
380	4
380	10
381	3
382	6
383	3
384	6
385	1
386	6
387	121
387	3
387	1
387	5
388	6
389	6
390	4
391	1
391	12
392	121
392	6
392	7
392	10
393	6
393	14
394	1
395	121
395	3
395	1
395	5
396	6
397	121
397	6
397	4
397	2
398	121
398	1
398	3
398	5
399	4
399	2
400	1
401	1
402	7
403	121
403	6
403	4
403	2
404	1
405	1
406	121
406	1
406	3
406	5
407	3
408	6
409	6
410	121
410	3
410	1
410	5
411	4
411	2
412	1
413	1
414	1
415	121
415	7
415	6
415	2
416	6
417	121
417	1
417	3
417	5
418	1
419	121
419	1
419	4
419	5
420	6
421	6
422	1
423	1
424	1
459	1
460	1
461	121
461	6
461	4
461	2
462	1
463	1
464	4
465	121
465	6
465	4
465	10
466	1
467	121
467	6
467	7
467	10
468	121
468	7
468	6
468	2
469	1
470	121
470	1
425	1
426	1
426	12
427	1
428	6
429	121
429	4
429	6
429	5
429	3
430	4
431	121
431	6
431	4
431	10
432	3
433	1
434	121
434	1
434	3
434	5
435	7
436	3
437	1
438	6
470	4
470	5
471	6
472	6
472	2
473	1
474	6
475	121
475	3
475	1
475	5
476	6
477	121
477	6
477	7
477	10
478	6
479	121
479	1
479	7
479	5
480	6
481	1
482	121
482	6
482	4
482	10
483	1
484	7
484	2
485	121
485	6
485	4
485	2
486	121
486	3
486	1
486	5
487	7
488	1
489	4
490	3
491	3
492	1
493	4
493	12
494	1
495	121
495	6
495	7
495	10
496	121
496	1
496	7
496	10
497	1
498	1
499	6
500	4
501	1
502	6
503	1
504	121
504	4
504	6
505	6
506	121
506	1
506	3
506	5
507	121
507	1
507	3
507	5
508	6
509	121
509	1
509	3
509	4
509	6
509	5
510	7
510	2
511	6
512	121
512	7
512	6
512	2
513	1
514	121
514	1
514	3
514	5
515	4
516	121
516	6
516	4
516	2
517	1
518	121
518	1
518	3
518	5
519	6
520	3
521	1
522	4
522	2
523	121
523	6
523	7
523	10
524	4
525	3
526	121
526	6
526	4
526	10
527	121
527	4
527	6
527	2
528	1
529	121
529	6
529	4
529	10
530	1
531	1
532	6
533	6
534	121
534	1
534	3
534	5
535	121
535	1
535	3
535	5
536	121
536	6
536	4
536	2
537	121
537	6
537	4
537	10
538	3
539	6
539	2
540	1
541	7
542	121
542	1
542	3
542	5
543	121
543	6
543	4
543	2
544	121
544	6
544	4
544	10
545	7
546	121
546	1
546	3
546	5
547	121
547	6
547	4
547	2
548	121
548	3
548	1
548	5
549	6
550	6
551	7
552	121
552	4
552	6
552	2
553	3
553	12
554	6
555	121
555	7
555	1
555	5
556	121
556	6
556	4
556	10
557	1
558	3
559	121
559	6
559	4
559	2
560	121
560	6
560	1
560	10
561	121
561	1
561	7
561	5
562	121
562	6
562	4
562	10
563	121
563	6
563	4
563	2
564	121
564	6
564	7
564	2
565	4
566	1
567	121
567	3
567	1
567	5
568	7
569	6
570	4
570	2
571	3
572	1
573	4
574	4
574	2
575	1
576	4
577	6
578	121
578	6
578	4
578	2
579	7
580	4
581	121
581	6
581	7
581	2
582	1
583	1
584	121
584	4
584	6
584	10
585	121
585	4
585	6
585	10
586	1
586	12
587	121
587	7
587	6
587	2
588	1
589	7
590	1
591	121
591	1
591	3
591	5
592	121
592	4
592	6
592	10
593	7
594	1
595	1
596	6
597	6
597	2
598	6
599	1
600	4
600	2
601	7
602	6
603	4
604	3
605	1
606	1
607	121
607	6
607	4
607	10
608	121
608	1
608	7
608	3
608	5
609	121
609	7
609	3
609	2
610	121
610	7
610	3
610	2
623	121
623	1
623	7
623	5
624	7
625	121
625	7
625	1
625	5
626	4
627	7
628	1
629	121
629	1
629	3
629	5
630	15
630	121
630	4
630	6
630	1
630	2
630	5
631	4
631	6
631	14
632	7
632	2
633	121
633	3
633	1
633	5
634	121
634	4
634	6
634	2
635	6
635	2
636	6
637	1
638	1
640	7
640	12
639	1
641	1
642	4
643	121
643	6
643	4
643	10
644	1
645	7
646	1
647	121
647	4
647	7
647	5
648	7
648	6
648	2
649	121
649	3
649	2
649	5
650	6
651	121
651	6
651	4
651	10
652	6
653	6
653	2
654	121
654	6
654	4
654	10
655	121
655	6
655	4
655	10
656	1
657	6
658	1
659	121
659	6
659	4
659	10
660	1
661	121
661	7
661	6
661	1
661	3
661	5
662	6
663	6
664	4
665	7
666	7
667	6
668	121
668	1
668	7
668	5
669	1
670	4
671	7
672	121
672	3
672	1
672	7
672	5
673	3
674	7
675	6
675	2
676	4
677	1
678	1
678	12
679	1
679	12
680	121
680	7
680	6
680	10
681	3
682	121
682	6
682	4
682	10
683	3
684	6
685	6
685	2
686	4
686	14
687	121
687	6
687	7
687	10
688	6
689	1
690	121
690	4
690	6
690	10
691	1
691	12
692	4
693	6
694	121
694	6
694	4
694	10
695	121
695	3
695	1
695	5
696	1
697	1
698	121
698	1
698	6
698	5
699	1
700	4
701	121
701	7
701	1
701	5
702	1
703	6
704	121
704	6
704	4
704	10
705	1
705	12
706	121
706	6
706	4
706	10
707	121
707	3
707	1
707	12
708	7
709	121
709	7
709	1
709	5
710	121
710	1
710	6
710	5
711	4
712	1
713	4
714	6
714	2
715	121
715	6
715	7
715	2
716	121
716	3
716	1
716	5
717	1
717	3
717	12
718	4
719	121
719	1
719	7
719	5
720	7
720	14
721	1
722	1
723	6
724	121
724	3
724	1
724	5
725	6
726	1
727	6
728	4
729	1
730	121
730	7
730	6
730	2
731	121
731	6
731	7
731	10
732	1
733	121
733	3
733	1
733	5
734	6
735	4
736	1
736	12
737	6
738	3
739	3
740	121
740	6
740	4
740	10
741	4
742	1
743	4
743	2
744	1
745	1
746	3
747	7
747	14
748	121
748	6
748	4
748	2
749	1
750	1
751	1
752	4
753	6
754	3
755	1
756	1
757	1
758	6
759	121
759	1
759	6
759	5
760	7
761	6
762	6
762	2
763	1
764	4
765	1
766	121
766	3
766	1
766	5
767	1
768	121
768	4
768	6
768	2
769	121
769	6
769	4
769	2
770	121
770	6
770	4
770	10
771	121
771	6
771	4
771	10
772	121
772	6
772	7
772	10
773	121
773	6
773	4
773	10
774	1
775	121
775	6
775	4
775	10
776	121
776	6
776	7
776	10
778	6
779	4
779	12
780	7
781	1
782	6
\.


--
-- Data for Name: shifts; Type: TABLE DATA; Schema: public; Owner: postgres
--

COPY public.shifts (shift_id, station_shift_id, shift_date, hours) FROM stdin;
1	2	2025-04-10	24
2	5	2025-04-10	24
3	8	2025-04-10	24
4	11	2025-04-10	24
5	14	2025-04-10	24
6	3	2025-04-11	24
7	6	2025-04-11	24
8	9	2025-04-11	24
9	12	2025-04-11	24
10	15	2025-04-11	24
11	1	2025-04-12	24
12	4	2025-04-12	24
13	7	2025-04-12	24
14	10	2025-04-12	24
15	13	2025-04-12	24
16	2	2025-04-13	24
17	5	2025-04-13	24
18	8	2025-04-13	24
19	11	2025-04-13	24
20	14	2025-04-13	24
21	3	2025-04-14	24
22	6	2025-04-14	24
23	9	2025-04-14	24
24	12	2025-04-14	24
25	15	2025-04-14	24
26	1	2025-04-15	24
27	4	2025-04-15	24
28	7	2025-04-15	24
29	10	2025-04-15	24
30	13	2025-04-15	24
31	2	2025-04-16	24
32	5	2025-04-16	24
33	8	2025-04-16	24
34	11	2025-04-16	24
35	14	2025-04-16	24
36	3	2025-04-17	24
37	6	2025-04-17	24
38	9	2025-04-17	24
39	12	2025-04-17	24
40	15	2025-04-17	24
41	1	2025-04-18	24
42	4	2025-04-18	24
43	7	2025-04-18	24
44	10	2025-04-18	24
45	13	2025-04-18	24
46	2	2025-04-19	24
47	5	2025-04-19	24
48	8	2025-04-19	24
49	11	2025-04-19	24
50	14	2025-04-19	24
51	3	2025-04-20	24
52	6	2025-04-20	24
53	9	2025-04-20	24
54	12	2025-04-20	24
55	15	2025-04-20	24
56	1	2025-04-21	24
57	4	2025-04-21	24
58	7	2025-04-21	24
59	10	2025-04-21	24
60	13	2025-04-21	24
61	2	2025-04-22	24
62	5	2025-04-22	24
63	8	2025-04-22	24
64	11	2025-04-22	24
65	14	2025-04-22	24
66	3	2025-04-23	24
67	6	2025-04-23	24
68	9	2025-04-23	24
69	12	2025-04-23	24
70	15	2025-04-23	24
71	1	2025-04-24	24
72	4	2025-04-24	24
73	7	2025-04-24	24
74	10	2025-04-24	24
75	13	2025-04-24	24
76	2	2025-04-25	24
77	5	2025-04-25	24
78	8	2025-04-25	24
79	11	2025-04-25	24
80	14	2025-04-25	24
81	3	2025-04-26	24
82	6	2025-04-26	24
83	9	2025-04-26	24
84	12	2025-04-26	24
85	15	2025-04-26	24
86	1	2025-04-27	24
87	4	2025-04-27	24
88	7	2025-04-27	24
89	10	2025-04-27	24
90	13	2025-04-27	24
91	2	2025-04-28	24
92	5	2025-04-28	24
93	8	2025-04-28	24
94	11	2025-04-28	24
95	14	2025-04-28	24
96	3	2025-04-29	24
97	6	2025-04-29	24
98	9	2025-04-29	24
99	12	2025-04-29	24
100	15	2025-04-29	24
101	1	2025-04-30	24
102	4	2025-04-30	24
103	7	2025-04-30	24
104	10	2025-04-30	24
105	13	2025-04-30	24
106	2	2025-05-01	24
107	5	2025-05-01	24
108	8	2025-05-01	24
109	11	2025-05-01	24
110	14	2025-05-01	24
111	3	2025-05-02	24
112	6	2025-05-02	24
113	9	2025-05-02	24
114	12	2025-05-02	24
115	15	2025-05-02	24
116	1	2025-05-03	24
117	4	2025-05-03	24
118	7	2025-05-03	24
119	10	2025-05-03	24
120	13	2025-05-03	24
121	2	2025-05-04	24
122	5	2025-05-04	24
123	8	2025-05-04	24
124	11	2025-05-04	24
125	14	2025-05-04	24
126	3	2025-05-05	24
127	6	2025-05-05	24
128	9	2025-05-05	24
129	12	2025-05-05	24
130	15	2025-05-05	24
131	1	2025-05-06	24
132	4	2025-05-06	24
133	7	2025-05-06	24
134	10	2025-05-06	24
135	13	2025-05-06	24
136	2	2025-05-07	24
137	5	2025-05-07	24
138	8	2025-05-07	24
139	11	2025-05-07	24
140	14	2025-05-07	24
141	3	2025-05-08	24
142	6	2025-05-08	24
143	9	2025-05-08	24
144	12	2025-05-08	24
145	15	2025-05-09	24
146	1	2025-05-09	24
147	4	2025-05-09	24
148	7	2025-05-09	24
149	10	2025-05-09	24
150	13	2025-05-09	24
151	2	2025-05-10	24
152	5	2025-05-10	24
153	8	2025-05-10	24
154	11	2025-05-10	24
155	14	2025-05-10	24
156	3	2025-05-11	24
157	6	2025-05-11	24
158	9	2025-05-11	24
159	12	2025-05-11	24
160	15	2025-05-11	24
161	1	2025-05-12	24
162	4	2025-05-12	24
163	7	2025-05-12	24
164	10	2025-05-12	24
165	13	2025-05-12	24
166	2	2025-05-13	24
167	5	2025-05-13	24
168	8	2025-05-13	24
169	11	2025-05-13	24
170	14	2025-05-13	24
171	3	2025-05-14	24
172	6	2025-05-14	24
173	9	2025-05-14	24
174	12	2025-05-14	24
175	15	2025-05-14	24
176	1	2025-05-15	24
177	4	2025-05-15	24
178	7	2025-05-15	24
179	10	2025-05-15	24
180	13	2025-05-15	24
181	2	2025-05-16	24
182	5	2025-05-16	24
183	8	2025-05-16	24
184	11	2025-05-16	24
185	14	2025-05-16	24
186	3	2025-05-17	24
187	6	2025-05-17	24
188	9	2025-05-17	24
189	12	2025-05-17	24
190	15	2025-05-17	24
191	1	2025-05-18	24
192	4	2025-05-18	24
193	7	2025-05-18	24
194	10	2025-05-18	24
195	13	2025-05-18	24
196	2	2025-05-19	24
197	5	2025-05-19	24
198	8	2025-05-19	24
199	11	2025-05-19	24
200	14	2025-05-19	24
201	3	2025-05-20	24
202	6	2025-05-20	24
203	9	2025-05-20	24
204	12	2025-05-20	24
205	15	2025-05-20	24
206	1	2025-05-21	24
207	4	2025-05-21	24
208	7	2025-05-21	24
209	10	2025-05-21	24
210	13	2025-05-21	24
211	2	2025-05-22	24
212	5	2025-05-22	24
213	8	2025-05-22	24
214	11	2025-05-22	24
215	14	2025-05-22	24
216	3	2025-05-23	24
217	6	2025-05-23	24
218	9	2025-05-23	24
219	12	2025-05-23	24
220	15	2025-05-23	24
221	1	2025-05-24	24
222	4	2025-05-24	24
223	7	2025-05-24	24
224	10	2025-05-24	24
225	13	2025-05-24	24
226	2	2025-05-25	24
227	5	2025-05-25	24
228	8	2025-05-25	24
229	11	2025-05-25	24
230	14	2025-05-25	24
231	3	2025-05-26	24
232	6	2025-05-26	24
233	9	2025-05-26	24
234	12	2025-05-26	24
235	15	2025-05-26	24
236	1	2025-05-27	24
237	4	2025-05-27	24
238	7	2025-05-27	24
239	10	2025-05-27	24
240	13	2025-05-27	24
241	2	2025-05-28	24
242	5	2025-05-28	24
243	8	2025-05-28	24
244	11	2025-05-28	24
245	14	2025-05-28	24
246	3	2025-05-29	24
247	6	2025-05-29	24
248	9	2025-05-29	24
249	12	2025-05-29	24
250	15	2025-05-29	24
251	1	2025-05-30	24
252	4	2025-05-30	24
253	7	2025-05-30	24
254	10	2025-05-30	24
255	13	2025-05-30	24
256	2	2025-05-31	24
257	5	2025-05-31	24
258	8	2025-05-31	24
259	11	2025-05-31	24
260	14	2025-05-31	24
261	3	2025-06-01	24
262	6	2025-06-01	24
263	9	2025-06-01	24
264	12	2025-06-01	24
265	15	2025-06-01	24
266	1	2025-06-02	24
267	4	2025-06-02	24
268	7	2025-06-02	24
269	10	2025-06-02	24
270	13	2025-06-02	24
271	2	2025-06-03	24
272	5	2025-06-03	24
273	8	2025-06-03	24
274	11	2025-06-03	24
275	14	2025-06-03	24
276	3	2025-06-04	24
277	6	2025-06-04	24
278	9	2025-06-04	24
279	12	2025-06-04	24
280	15	2025-06-04	24
281	1	2025-06-05	24
282	4	2025-06-05	24
283	7	2025-06-05	24
284	10	2025-06-05	24
285	13	2025-06-05	24
286	2	2025-06-06	24
287	5	2025-06-06	24
288	8	2025-06-06	24
289	11	2025-06-06	24
290	14	2025-06-06	24
291	3	2025-06-07	24
292	6	2025-06-07	24
293	9	2025-06-07	24
294	12	2025-06-07	24
295	15	2025-06-07	24
296	1	2025-06-08	24
297	4	2025-06-08	24
298	7	2025-06-08	24
299	10	2025-06-08	24
300	13	2025-06-08	24
301	2	2025-06-09	24
302	5	2025-06-09	24
303	8	2025-06-09	24
304	11	2025-06-09	24
305	14	2025-06-09	24
306	3	2025-06-10	24
307	6	2025-06-10	24
308	9	2025-06-10	24
309	12	2025-06-10	24
310	15	2025-06-10	24
311	1	2025-06-11	24
312	4	2025-06-11	24
313	7	2025-06-11	24
314	10	2025-06-11	24
315	13	2025-06-11	24
316	2	2025-06-12	24
317	5	2025-06-12	24
318	8	2025-06-12	24
319	11	2025-06-12	24
320	14	2025-06-12	24
321	3	2025-06-13	24
322	6	2025-06-13	24
323	9	2025-06-13	24
324	12	2025-06-13	24
325	15	2025-06-13	24
326	1	2025-06-14	24
327	4	2025-06-14	24
328	7	2025-06-14	24
329	10	2025-06-14	24
330	13	2025-06-14	24
331	2	2025-06-15	24
332	5	2025-06-15	24
333	8	2025-06-15	24
334	11	2025-06-15	24
335	14	2025-06-15	24
336	3	2025-06-16	24
337	6	2025-06-16	24
338	9	2025-06-16	24
339	12	2025-06-16	24
340	15	2025-06-16	24
341	1	2025-06-17	24
342	4	2025-06-17	24
343	7	2025-06-17	24
344	10	2025-06-17	24
345	13	2025-06-17	24
346	2	2025-06-18	24
347	5	2025-06-18	24
348	8	2025-06-18	24
349	11	2025-06-18	24
350	14	2025-06-18	24
351	3	2025-06-19	24
352	6	2025-06-19	24
353	9	2025-06-19	24
354	12	2025-06-19	24
355	15	2025-06-19	24
356	1	2025-06-20	24
357	4	2025-06-20	24
358	7	2025-06-20	24
359	10	2025-06-20	24
360	13	2025-06-20	24
361	2	2025-06-21	24
362	5	2025-06-21	24
363	8	2025-06-21	24
364	11	2025-06-21	24
365	14	2025-06-21	24
366	3	2025-06-22	24
367	6	2025-06-22	24
368	9	2025-06-22	24
369	12	2025-06-22	24
370	15	2025-06-22	24
371	1	2025-06-23	24
372	4	2025-06-23	24
373	7	2025-06-23	24
374	10	2025-06-23	24
375	13	2025-06-23	24
376	2	2025-06-24	24
377	5	2025-06-24	24
378	8	2025-06-24	24
379	11	2025-06-24	24
380	14	2025-06-24	24
381	3	2025-06-25	24
382	6	2025-06-25	24
383	9	2025-06-25	24
384	12	2025-06-25	24
385	15	2025-06-25	24
386	1	2025-06-26	24
387	4	2025-06-26	24
388	7	2025-06-26	24
389	10	2025-06-26	24
390	13	2025-06-26	24
391	2	2025-06-27	24
392	5	2025-06-27	24
393	8	2025-06-27	24
394	11	2025-06-27	24
395	14	2025-06-27	24
401	3	2025-06-28	24
402	6	2025-06-28	24
403	9	2025-06-28	24
404	12	2025-06-28	24
405	15	2025-06-28	24
406	1	2025-06-29	24
407	4	2025-06-29	24
408	7	2025-06-29	24
409	10	2025-06-29	24
410	13	2025-06-29	24
411	2	2025-06-30	24
412	5	2025-06-30	24
413	8	2025-06-30	24
414	11	2025-06-30	24
415	14	2025-06-30	24
416	3	2025-07-01	24
417	6	2025-07-01	24
418	9	2025-07-01	24
419	12	2025-07-01	24
420	15	2025-07-01	24
421	1	2025-07-02	24
422	4	2025-07-02	24
423	7	2025-07-02	24
424	10	2025-07-02	24
425	13	2025-07-02	24
426	2	2025-07-03	24
427	5	2025-07-03	24
428	8	2025-07-03	24
429	11	2025-07-03	24
430	14	2025-07-03	24
431	3	2025-07-04	24
432	6	2025-07-04	24
433	9	2025-07-04	24
434	12	2025-07-04	24
435	15	2025-07-04	24
436	1	2025-07-05	24
437	4	2025-07-05	24
438	7	2025-07-05	24
439	10	2025-07-05	24
440	13	2025-07-05	24
441	2	2025-07-06	24
442	5	2025-07-06	24
443	8	2025-07-06	24
444	11	2025-07-06	24
445	14	2025-07-06	24
446	3	2025-07-07	24
447	6	2025-07-07	24
448	9	2025-07-07	24
449	12	2025-07-07	24
450	15	2025-07-07	24
451	1	2025-07-08	24
452	4	2025-07-08	24
453	7	2025-07-08	24
454	10	2025-07-08	24
455	13	2025-07-08	24
456	2	2025-07-09	24
457	5	2025-07-09	24
458	8	2025-07-09	24
459	11	2025-07-09	24
460	14	2025-07-09	24
461	3	2025-07-10	24
462	6	2025-07-10	24
463	9	2025-07-10	24
464	12	2025-07-10	24
465	15	2025-07-10	24
466	1	2025-07-11	24
467	4	2025-07-11	24
468	7	2025-07-11	24
469	10	2025-07-11	24
470	13	2025-07-11	24
471	2	2025-07-12	24
472	5	2025-07-12	24
473	8	2025-07-12	24
474	11	2025-07-12	24
475	14	2025-07-12	24
476	3	2025-07-13	24
477	6	2025-07-13	24
478	9	2025-07-13	24
479	12	2025-07-13	24
480	15	2025-07-13	24
481	1	2025-07-14	24
482	4	2025-07-14	24
483	7	2025-07-14	24
484	10	2025-07-14	24
485	13	2025-07-14	24
486	2	2025-07-15	24
487	5	2025-07-15	24
488	8	2025-07-15	24
489	11	2025-07-15	24
490	14	2025-07-15	24
\.


--
-- Data for Name: stations; Type: TABLE DATA; Schema: public; Owner: postgres
--

COPY public.stations (station_id, name, location) FROM stdin;
1	Central	310 Broadway St.
3	Station 3	758 Park Ave.
4	Station 4	525 Airport Rd.
6	Station 6	220 Lakeshore Dr.
7	Station 7	1311 Golf Links Rd.
\.


--
-- Data for Name: stationshifts; Type: TABLE DATA; Schema: public; Owner: postgres
--

COPY public.stationshifts (station_shift_id, station_id, shift_name) FROM stdin;
1	1	A
2	1	B
3	1	C
4	3	A
5	3	B
6	3	C
7	4	A
8	4	B
9	4	C
10	6	A
11	6	B
12	6	C
13	7	A
14	7	B
15	7	C
\.


--
-- Data for Name: units; Type: TABLE DATA; Schema: public; Owner: postgres
--

COPY public.units (unit_id, unit_name, type, station_id) FROM stdin;
1	Engine 1	Engine	1
3	Engine 3	Engine	3
4	Engine 4	Engine	4
6	Engine 6	Engine	6
7	Engine 7	Engine	7
5	Truck 5	Truck	1
10	Truck 10	Truck	6
121	121	Command	1
101	101	Command	1
102	102	Command	1
12	Rescue 12	Rescue	1
14	Brush Truck 14	Brush	1
401	401	Command	1
402	402	Command	1
301	301	Command	1
302	302	Command	1
2	Rescue 2	Rescue	6
15	Redball 3	Aircraft	4
\.


--
-- Name: firefighters_firefighter_id_seq; Type: SEQUENCE SET; Schema: public; Owner: postgres
--

SELECT pg_catalog.setval('public.firefighters_firefighter_id_seq', 76, true);


--
-- Name: incidents_incident_id_seq; Type: SEQUENCE SET; Schema: public; Owner: postgres
--

SELECT pg_catalog.setval('public.incidents_incident_id_seq', 782, true);


--
-- Name: shifts_shift_id_seq; Type: SEQUENCE SET; Schema: public; Owner: postgres
--

SELECT pg_catalog.setval('public.shifts_shift_id_seq', 490, true);


--
-- Name: stationshifts_station_shift_id_seq; Type: SEQUENCE SET; Schema: public; Owner: postgres
--

SELECT pg_catalog.setval('public.stationshifts_station_shift_id_seq', 15, true);


--
-- Name: firefighters firefighters_pkey; Type: CONSTRAINT; Schema: public; Owner: postgres
--

ALTER TABLE ONLY public.firefighters
    ADD CONSTRAINT firefighters_pkey PRIMARY KEY (firefighter_id);


--
-- Name: firefightershifts firefightershifts_pkey; Type: CONSTRAINT; Schema: public; Owner: postgres
--

ALTER TABLE ONLY public.firefightershifts
    ADD CONSTRAINT firefightershifts_pkey PRIMARY KEY (firefighter_id, station_shift_id, start_time);


--
-- Name: incidents incidents_pkey; Type: CONSTRAINT; Schema: public; Owner: postgres
--

ALTER TABLE ONLY public.incidents
    ADD CONSTRAINT incidents_pkey PRIMARY KEY (incident_id);


--
-- Name: incidentunits incidentunits_pkey; Type: CONSTRAINT; Schema: public; Owner: postgres
--

ALTER TABLE ONLY public.incidentunits
    ADD CONSTRAINT incidentunits_pkey PRIMARY KEY (incident_id, unit_id);


--
-- Name: shifts shifts_pkey; Type: CONSTRAINT; Schema: public; Owner: postgres
--

ALTER TABLE ONLY public.shifts
    ADD CONSTRAINT shifts_pkey PRIMARY KEY (shift_id);


--
-- Name: stations stations_pkey; Type: CONSTRAINT; Schema: public; Owner: postgres
--

ALTER TABLE ONLY public.stations
    ADD CONSTRAINT stations_pkey PRIMARY KEY (station_id);


--
-- Name: stationshifts stationshifts_pkey; Type: CONSTRAINT; Schema: public; Owner: postgres
--

ALTER TABLE ONLY public.stationshifts
    ADD CONSTRAINT stationshifts_pkey PRIMARY KEY (station_shift_id);


--
-- Name: units units_pkey; Type: CONSTRAINT; Schema: public; Owner: postgres
--

ALTER TABLE ONLY public.units
    ADD CONSTRAINT units_pkey PRIMARY KEY (unit_id);


--
-- Name: idx_incidentunits_incident_id; Type: INDEX; Schema: public; Owner: postgres
--

CREATE INDEX idx_incidentunits_incident_id ON public.incidentunits USING btree (incident_id);


--
-- Name: idx_incidentunits_unit_id; Type: INDEX; Schema: public; Owner: postgres
--

CREATE INDEX idx_incidentunits_unit_id ON public.incidentunits USING btree (unit_id);


--
-- Name: firefighters firefighters_station_assignment_fkey; Type: FK CONSTRAINT; Schema: public; Owner: postgres
--

ALTER TABLE ONLY public.firefighters
    ADD CONSTRAINT firefighters_station_assignment_fkey FOREIGN KEY (station_assignment) REFERENCES public.stations(station_id);


--
-- Name: firefighters firefighters_unit_id_fkey; Type: FK CONSTRAINT; Schema: public; Owner: postgres
--

ALTER TABLE ONLY public.firefighters
    ADD CONSTRAINT firefighters_unit_id_fkey FOREIGN KEY (unit_id) REFERENCES public.units(unit_id);


--
-- Name: firefightershifts firefightershifts_firefighter_id_fkey; Type: FK CONSTRAINT; Schema: public; Owner: postgres
--

ALTER TABLE ONLY public.firefightershifts
    ADD CONSTRAINT firefightershifts_firefighter_id_fkey FOREIGN KEY (firefighter_id) REFERENCES public.firefighters(firefighter_id);


--
-- Name: incidents incidents_shift_id_fkey; Type: FK CONSTRAINT; Schema: public; Owner: postgres
--

ALTER TABLE ONLY public.incidents
    ADD CONSTRAINT incidents_shift_id_fkey FOREIGN KEY (shift_id) REFERENCES public.shifts(shift_id);


--
-- Name: incidents incidents_station_id_fkey; Type: FK CONSTRAINT; Schema: public; Owner: postgres
--

ALTER TABLE ONLY public.incidents
    ADD CONSTRAINT incidents_station_id_fkey FOREIGN KEY (station_id) REFERENCES public.stations(station_id);


--
-- Name: incidentunits incidentunits_incident_id_fkey; Type: FK CONSTRAINT; Schema: public; Owner: postgres
--

ALTER TABLE ONLY public.incidentunits
    ADD CONSTRAINT incidentunits_incident_id_fkey FOREIGN KEY (incident_id) REFERENCES public.incidents(incident_id);


--
-- Name: incidentunits incidentunits_unit_id_fkey; Type: FK CONSTRAINT; Schema: public; Owner: postgres
--

ALTER TABLE ONLY public.incidentunits
    ADD CONSTRAINT incidentunits_unit_id_fkey FOREIGN KEY (unit_id) REFERENCES public.units(unit_id);


--
-- Name: shifts shifts_station_shift_id_fkey; Type: FK CONSTRAINT; Schema: public; Owner: postgres
--

ALTER TABLE ONLY public.shifts
    ADD CONSTRAINT shifts_station_shift_id_fkey FOREIGN KEY (station_shift_id) REFERENCES public.stationshifts(station_shift_id);


--
-- Name: stationshifts stationshifts_station_id_fkey; Type: FK CONSTRAINT; Schema: public; Owner: postgres
--

ALTER TABLE ONLY public.stationshifts
    ADD CONSTRAINT stationshifts_station_id_fkey FOREIGN KEY (station_id) REFERENCES public.stations(station_id);


--
-- Name: units units_station_id_fkey; Type: FK CONSTRAINT; Schema: public; Owner: postgres
--

ALTER TABLE ONLY public.units
    ADD CONSTRAINT units_station_id_fkey FOREIGN KEY (station_id) REFERENCES public.stations(station_id);


--
-- PostgreSQL database dump complete
--

